Item;Respostas válidas;Média;Desvio-padrão;Assimetria;Curtose;VIF
Q3;1242;4,13607085346216;0,941480320563728;-0,90998059151218780;0,0761240982782856;1,62389198589740
Q4;1241;4,08863819500403;1,008931804398623;-0,98271067171951410;0,1825115245903071;1,47288112030459
Q5;1230;3,28292682926829;0,817596083098092;-0,47180619157032289;-0,0079502773744129;2,13993499927294
Q6;1238;3,89499192245557;0,973517134046605;-0,87132456450607143;0,5344770159180170;1,75229234029092
Q7;1241;3,58581788879936;0,858125486557609;-0,48870862358376727;0,0592761301693949;1,70554112106893
Q8;1240;2,93306451612903;0,978973600153336;-0,09814352691955178;-0,4586447907830795;1,31720315421277
Q9;1239;3,47134786117837;0,883675706180111;-0,56931808980562393;0,2162034460676550;1,47454381202846
Q10;1241;3,58662369057212;0,902924439227576;-0,16380860331855546;-0,3682278102607004;2,22587093512950
Q11;1241;3,79774375503626;0,996054184023827;-0,61503977295056356;-0,0866430690901714;1,61088654023706
Q12;1242;3,41384863123994;1,099146912458632;-0,24099327774357068;-0,5304071716592409;1,82503745996083
Q13;1243;3,89621882542237;0,828056835470435;-0,57026711690126841;0,2353550569649743;1,54465617895424
Q14;1240;3,33145161290323;0,956171655585405;-0,28093286864611772;-0,2454116153270531;1,92698478486757
Q15;1243;4,39823008849558;0,806513393328910;-1,51308279020210734;2,4546605496826510;1,50442226982944
Q16;1232;3,48457792207792;1,034618874214939;-0,12369992866080388;-1,1654968565606236;1,42980174441334
Q17;1242;3,71095008051530;0,921246693623200;-0,50428680038675167;-0,5383666194742216;3,68949276438788
Q18;1243;3,73049074818986;0,954991295305450;-0,48848561426819720;-0,6586307888832699;3,24688141143157
Q19;1240;3,69112903225806;0,941682256195927;-0,40019703581831551;-0,7059909883338342;2,66145225429607
Q20;1239;3,60774818401937;0,891245166175135;-0,23718604419849990;-0,6738486875928658;1,89271364281217
Q21;1242;3,42028985507246;1,008668590402040;-0,00328956734757504;-1,1113486342766745;1,31584255592332
Q22;1241;3,55358581788880;0,883854527107843;-0,13104640797925060;-0,7025967192038070;1,73028278280221
Q23;1237;3,97332255456750;0,948563743245855;-0,68572802181667591;-0,4127945874109114;1,39226146626034
Q24;1242;3,72463768115942;0,963402046284557;-0,40030005653279083;-0,7706956191091878;1,38880606276614
Q25;1241;3,82111200644641;0,978101710453890;-0,48935271398259950;-0,7370120553708559;1,40236108252620
Q26;1243;3,89058728881738;0,930395597159346;-1,16020942903392887;1,5353498746922938;1,55923475950588
