"Modelo";"Fator";"Item";"Carga";"Erro-padrão";"z";"Carga padronizada"
"H~0~";"psycho";"Q5";0,541822600486733;0,0225864088295982;23,9888777615991;0,662802786539716
"H~0~";"psycho";"Q6";0,619581351390798;0,0280852798968538;22,0607148536983;0,636417571766996
"H~0~";"psycho";"Q7";0,555721095770221;0,022877915474677;24,2907224823579;0,647660672971122
"H~0~";"psycho";"Q11";0,609231479496664;0,0281057769227196;21,6763792430226;0,611796817520671
"H~0~";"psycho";"Q19";0,772010626340167;0,021587542020907;35,7618586494235;0,820387640296603
"H~0~";"psycho";"Q26";0,540543394115884;0,0282166930941255;19,1568654878421;0,581216269993053
"H~0~";"physical";"Q3";0,395270893530073;0,0300593584814332;13,1496782865217;0,42003426749929
"H~0~";"physical";"Q4";0,387356105065878;0,0322114837176492;12,02540399757;0,384049569113336
"H~0~";"physical";"Q10";0,650028727009112;0,0231216290450457;28,1134484833539;0,720361995699936
"H~0~";"physical";"Q15";0,379584660534114;0,028091291000477;13,5125388337499;0,470838399575247
"H~0~";"physical";"Q16";0,559316848635526;0,0280032969597485;19,9732499155181;0,540766155685334
"H~0~";"physical";"Q17";0,819098252304382;0,0200280764158888;40,8974998544827;0,889692252049352
"H~0~";"physical";"Q18";0,802162677698832;0,0225704099044785;35,5404567791949;0,840306871136077
"H~0~";"social";"Q20";0,70817067836994;0,0232032514580577;30,5203208115049;0,795046212890738
"H~0~";"social";"Q21";0,513278508956361;0,0301780440625668;17,0083424854243;0,509107149776599
"H~0~";"social";"Q22";0,637052793909476;0,0248876628143112;25,5971321478668;0,721225795624982
"H~0~";"environment";"Q8";0,466495061707272;0,0293122547784885;15,9146768214372;0,476771000693875
"H~0~";"environment";"Q9";0,503849333818733;0,0269171226011491;18,7185436305597;0,570172511678152
"H~0~";"environment";"Q12";0,758105366309196;0,0291313590342877;26,023686894144;0,690023816819888
"H~0~";"environment";"Q13";0,507068623851358;0,0271907293896945;18,6485848387554;0,612606208420148
"H~0~";"environment";"Q14";0,648386047202775;0,0274474103545867;23,622849617739;0,678453057950016
"H~0~";"environment";"Q23";0,484847965298202;0,0286991366962964;16,8941655084967;0,511425579003184
"H~0~";"environment";"Q24";0,464861118439353;0,0308067724426027;15,0895754920596;0,482595187699413
"H~0~";"environment";"Q25";0,49183106153516;0,0305955423164982;16,0752522850346;0,503128528250915
"H~1~";"psycho";"Q5";0,540874080724753;0,022645771638814;23,8841091110234;0,661648360030601
"H~1~";"psycho";"Q6";0,620892365665289;0,0281750637814092;22,0369462331075;0,637769347642182
"H~1~";"psycho";"Q7";0,557706955575279;0,0229972690710145;24,2510079719947;0,649963982452238
"H~1~";"psycho";"Q11";0,609407856847294;0,0280944959919898;21,6913610773102;0,611954671326593
"H~1~";"psycho";"Q19";0,77326849416259;0,0215786902441939;35,8348206221947;0,821699469076195
"H~1~";"psycho";"Q26";0,541146211439125;0,0282331150226557;19,1670742319748;0,581864129032596
"H~1~";"psycho";"Q8";0,159569132540268;0,048908428645955;3,26261008496876;0,163077800032737
"H~1~";"psycho";"Q9";0,10769824682541;0,0428709136252982;2,51215189316275;0,121881466545736
"H~1~";"physical";"Q3";0,388262749264581;0,0299590811209691;12,9597682818391;0,412586311326093
"H~1~";"physical";"Q4";0,381548378842442;0,0321999923006457;11,8493313687777;0,378289856044896
"H~1~";"physical";"Q10";0,643792859927336;0,0234069966813666;27,5042915027127;0,71345895371358
"H~1~";"physical";"Q15";0,220674026808431;0,0322663494195503;6,83913832144655;0,273724840726632
"H~1~";"physical";"Q16";0,558230622034935;0,0281678604806494;19,8179986874908;0,539739096181864
"H~1~";"physical";"Q17";0,825992432350157;0,0195929962842465;42,1575352930724;0,897196225098248
"H~1~";"physical";"Q18";0,806779069168644;0,0220675760172978;36,5594784192086;0,845142757688997
"H~1~";"social";"Q20";0,708684705353316;0,0232294923859192;30,5079720890885;0,795622552558651
"H~1~";"social";"Q21";0,51305064941542;0,0301706873224329;17,0049374060481;0,508881176410727
"H~1~";"social";"Q22";0,636669118335565;0,0249083989636738;25,5604191688144;0,720789079798662
"H~1~";"environment";"Q8";0,329105013251147;0,0501741549041774;6,55925374088855;0,336341500930313
"H~1~";"environment";"Q9";0,410020060431495;0,0446311246360022;9,18686373636097;0,464017268169417
"H~1~";"environment";"Q12";0,769469574712062;0,0289973284318294;26,5358781765371;0,70038768923464
"H~1~";"environment";"Q13";0,51628072835528;0,0272049697521546;18,9774417343137;0,62373556605371
"H~1~";"environment";"Q14";0,656176299474134;0,0275178045248316;23,845517867605;0,686610268976217
"H~1~";"environment";"Q23";0,482435486569524;0,0288993531610509;16,6936430680991;0,508894540467539
"H~1~";"environment";"Q24";0,470221763801016;0,0311436922107383;15,0984591235745;0,488162031799073
"H~1~";"environment";"Q25";0,497079043839003;0,0311589071765137;15,9530320181986;0,508497831474375
"H~1~";"environment";"Q15";0,256808625213141;0,0327123442627619;7,85051120611615;0,318546323961887
