ID;Q1;Q2;Q3;Q4;Q5;Q6;Q7;Q8;Q9;Q10;Q11;Q12;Q13;Q14;Q15;Q16;Q17;Q18;Q19;Q20;Q21;Q22;Q23;Q24;Q25;Q26
10441016017;5;5;5;5;3;4;4;1;5;5;3;5;5;4;5;5;4;4;4;2;2;5;5;2;2;4
10440981694;3;4;4;4;3;4;3;2;4;3;3;3;3;3;4;3;3;3;4;3;3;3;3;2;2;4
10440601239;1;1;3;4;1;1;1;1;1;1;2;1;2;1;1;5;5;5;5;3;2;3;3;3;3;2
10440562981;4;4;4;5;3;3;3;2;2;3;3;3;4;4;5;5;5;5;5;5;5;5;5;4;4;5
10440358563;3;4;5;5;3;5;5;2;3;5;3;3;3;2;5;5;5;5;5;5;5;5;2;2;3;5
10440199369;4;4;5;5;3;4;4;4;4;4;4;3;3;3;5;4;4;4;4;4;4;4;4;4;4;4
10438952564;3;4;5;4;3;3;2;4;3;2;2;3;4;3;5;3;4;3;2;4;2;2;2;2;2;4
10438951127;4;4;5;5;3;4;3;4;4;4;3;3;4;5;5;3;5;4;3;4;3;3;4;5;5;3
10438633244;2;2;2;2;1;4;2;2;3;2;3;2;3;2;1;2;2;2;3;3;2;3;3;2;3;5
10438605204;5;5;4;5;4;4;4;3;3;4;5;5;5;4;5;5;5;5;5;4;4;4;5;4;4;4
10438555688;4;4;3;3;3;5;3;2;3;4;4;3;3;4;5;3;4;4;4;4;2;4;5;2;3;4
10438426616;3;NA;4;4;4;3;2;3;3;2;2;3;3;4;3;2;2;2;2;3;4;3;3;3;3;3
10438410747;4;4;4;4;4;3;4;3;4;3;4;3;4;3;4;5;4;4;4;3;4;2;4;2;3;5
10438330592;2;1;3;4;1;4;2;3;1;2;1;3;3;4;4;2;2;2;2;3;2;3;4;4;3;4
10438253840;4;4;3;4;3;4;3;2;2;3;3;3;3;3;3;2;3;3;3;2;2;2;4;4;2;3
10438244838;5;5;5;4;4;5;4;2;3;5;5;4;5;5;5;5;5;5;5;5;5;4;4;5;5;4
10437932648;4;4;4;4;3;3;3;4;4;4;3;4;3;3;4;4;4;4;3;3;3;4;4;4;4;4
10437851519;5;4;4;5;5;5;4;3;4;5;5;4;4;3;5;3;4;5;4;4;4;4;5;3;4;4
10437739424;4;4;4;4;3;4;2;3;2;3;3;3;2;2;4;4;4;4;5;3;4;3;4;4;4;3
10437660060;4;4;3;5;4;4;3;3;3;4;4;4;4;4;4;4;4;4;5;5;4;5;5;4;4;5
10437406920;4;5;5;5;3;3;4;2;2;4;4;4;3;3;4;3;4;4;3;3;4;3;4;4;3;4
10437107325;3;2;3;4;2;3;3;1;3;3;3;2;1;1;4;3;3;3;3;3;2;2;2;3;2;3
10436574123;4;3;2;3;3;1;4;3;2;3;4;3;5;2;3;2;3;3;2;5;5;3;4;4;4;4
10436558733;4;3;2;3;4;5;3;2;4;3;3;3;3;3;5;3;4;4;4;3;4;4;5;3;4;4
10436460608;4;2;5;4;4;4;4;3;5;4;4;5;5;5;5;5;3;3;3;3;4;5;5;5;5;4
10436314320;3;3;5;5;3;4;4;2;3;3;3;3;3;5;5;4;4;2;2;2;2;2;3;3;3;4
10436225280;5;5;5;5;4;4;4;5;3;5;3;5;5;5;5;5;5;5;5;5;3;5;5;3;5;5
10436203464;4;5;5;5;4;4;5;4;4;5;5;5;5;4;5;5;5;5;5;5;4;4;5;4;5;5
10436156058;2;5;1;2;1;1;2;3;2;1;2;1;4;1;1;2;2;3;2;2;2;2;3;3;2;3
10436150258;2;3;3;4;2;1;2;2;1;1;1;1;2;2;3;3;4;5;3;3;3;3;2;2;3;3
10435879845;4;4;5;5;2;4;4;3;4;4;4;4;4;3;4;3;4;4;4;3;3;3;3;4;4;4
10435863659;3;4;4;5;2;3;4;3;3;3;4;3;4;3;5;4;4;5;3;4;3;3;2;4;3;4
10435630308;5;4;5;5;4;4;4;2;3;3;3;3;4;3;5;3;3;4;5;4;5;3;5;2;5;4
10435406111;3;4;4;3;3;4;3;3;4;4;3;3;4;4;5;3;4;4;3;3;2;3;4;4;4;4
10435354106;5;5;4;4;4;4;4;4;4;5;5;4;4;5;5;2;4;5;5;4;5;4;3;5;4;5
10435336690;2;2;5;4;2;4;4;2;2;3;5;2;3;2;4;3;3;3;3;4;4;4;3;2;5;4
10435179651;3;3;3;3;3;3;4;2;3;3;3;4;4;3;4;3;4;4;4;4;4;4;3;3;3;5
10435102033;3;4;5;5;2;2;5;4;2;4;4;3;5;1;5;5;5;5;3;2;2;3;3;4;4;3
10435043872;4;4;4;5;3;4;4;2;3;4;3;4;4;4;5;4;4;4;4;3;3;3;4;3;3;4
10435010223;4;4;4;2;4;4;4;2;3;3;4;5;5;5;5;2;4;4;4;4;3;3;5;3;4;4
10434768498;4;4;4;4;3;4;4;4;4;4;4;3;4;4;4;4;5;4;4;4;4;5;5;4;5;5
10434726796;4;4;4;5;2;4;4;2;3;4;4;5;4;5;4;4;4;4;4;4;4;4;4;4;4;4
10434724546;5;4;5;3;4;4;4;3;3;4;4;3;4;4;5;4;4;4;3;3;3;3;4;3;3;4
10434392442;4;3;5;5;4;4;4;2;3;4;3;3;4;4;5;4;4;4;4;4;4;3;3;5;4;4
10434365604;4;4;5;4;3;4;3;4;3;5;4;5;4;2;5;2;2;3;4;2;5;2;2;4;4;4
10434217408;4;4;5;5;4;4;3;1;3;4;4;4;3;4;4;2;4;4;4;4;4;3;5;5;3;4
10434137035;4;2;4;5;3;4;5;4;3;3;3;4;5;3;4;2;4;4;4;4;4;5;5;5;5;4
10434060438;4;4;5;5;2;5;4;1;3;4;3;2;5;1;4;3;2;4;4;4;3;4;4;3;3;4
10434015442;5;5;3;4;5;5;5;5;2;4;5;4;3;4;5;4;3;3;5;5;4;5;5;4;5;4
10433972348;4;4;5;5;4;5;4;4;4;5;5;5;5;4;5;5;5;5;5;4;4;4;4;4;4;5
10433935087;NA;2;3;2;3;3;3;3;3;3;3;2;3;3;4;2;2;3;2;2;3;3;3;3;3;2
10433882609;4;4;4;4;4;4;3;3;4;4;4;3;4;4;4;3;4;4;4;3;3;3;4;4;4;4
10433817526;4;3;4;4;3;4;3;2;3;3;3;3;3;2;5;2;4;4;3;2;2;2;2;2;3;4
10433355776;4;5;4;4;4;5;4;4;3;3;4;3;3;4;5;4;4;5;5;5;2;4;4;2;4;5
10433307352;2;3;4;5;3;5;3;4;4;4;3;1;3;2;4;2;2;3;3;3;4;2;3;2;2;4
10433188613;3;4;4;4;3;4;4;3;3;4;4;2;3;3;5;5;4;4;3;4;5;3;3;2;4;4
10433123998;4;3;3;3;4;4;3;3;4;3;2;3;3;3;3;2;3;3;4;3;2;3;4;4;5;3
10433051610;4;4;4;4;2;3;2;3;1;4;3;3;4;2;5;4;4;4;3;2;3;2;2;3;3;4
10433008526;4;3;4;4;3;4;3;3;3;3;2;3;4;3;3;2;2;2;3;3;3;3;4;3;3;3
10432933955;5;4;4;3;5;5;5;5;4;5;5;5;5;5;5;5;4;4;5;3;2;3;2;3;3;4
10432870055;4;3;4;4;3;2;3;3;4;3;5;4;4;3;4;4;3;3;3;4;4;4;5;5;5;1
10432817924;4;4;4;4;3;5;4;3;3;4;4;3;3;2;4;3;4;4;4;3;4;3;4;4;4;4
10432791956;2;4;4;2;2;4;5;1;3;5;4;3;4;3;2;4;4;4;4;2;4;2;2;2;2;5
10432778225;3;3;5;5;4;3;3;3;3;3;3;3;3;3;5;4;4;4;4;4;4;4;4;4;4;5
10432736829;4;2;3;2;4;4;2;2;4;3;1;1;4;3;5;4;3;3;3;3;3;3;4;2;4;3
10432735450;5;5;5;5;4;5;4;5;4;4;5;5;4;4;5;4;4;4;4;5;5;4;4;5;5;5
10432729612;4;4;3;3;2;4;4;3;4;3;4;2;4;2;3;2;2;2;2;4;3;5;4;3;2;3
10432696146;3;3;4;4;3;4;3;2;3;4;4;2;4;3;4;4;3;4;3;4;2;4;4;4;3;5
10432613091;5;4;4;5;5;5;5;3;4;5;5;5;5;5;5;4;5;5;5;4;5;5;4;5;4;4
10432606334;4;4;5;4;3;4;4;3;4;4;5;2;3;4;5;5;4;4;5;3;2;4;5;4;5;5
10432517607;4;3;5;5;NA;4;3;2;4;3;5;2;4;3;5;3;3;5;3;5;5;5;5;3;2;4
10432516145;5;5;5;5;3;4;4;1;4;5;4;5;5;4;5;5;5;5;5;4;5;5;5;4;5;5
10432504217;4;3;4;4;2;3;2;3;2;3;3;3;4;3;5;4;3;3;3;2;3;2;5;4;4;4
10432501269;3;5;5;3;2;4;3;4;3;4;3;5;4;2;5;4;4;4;3;2;2;3;5;5;5;4
10432460605;3;1;4;4;3;4;3;2;3;3;4;2;4;4;5;2;2;2;2;5;2;3;3;4;3;3
10432368808;4;3;5;5;4;5;3;3;5;4;5;2;3;4;5;4;3;2;2;3;3;2;4;4;3;4
10432338283;5;4;5;4;3;5;4;3;4;4;4;3;5;4;5;4;4;4;4;4;4;3;4;4;4;4
10432307861;2;1;4;4;2;3;1;2;2;2;4;2;2;3;3;3;2;2;2;3;2;2;3;3;3;2
10432307052;4;5;5;5;3;4;5;2;3;5;5;3;4;3;5;4;5;5;4;4;4;4;5;2;4;4
10432195786;4;4;5;5;3;4;3;2;4;3;5;3;4;3;5;2;3;3;3;3;4;3;2;2;4;4
10432157506;3;4;4;4;3;3;2;2;3;3;4;3;3;3;4;3;3;4;4;4;3;3;3;4;3;4
10432155626;4;5;3;5;3;4;4;4;3;3;2;3;4;3;4;2;3;3;3;4;2;3;2;4;3;4
10432119400;4;4;5;3;4;4;4;2;3;4;4;3;4;4;5;5;5;5;5;4;4;4;4;3;3;4
10432081764;4;4;3;4;4;3;3;3;4;3;4;3;4;3;5;2;3;3;3;3;3;4;5;4;5;4
10432065931;4;4;4;5;3;4;3;2;3;4;4;2;3;3;5;2;3;4;2;2;4;3;2;5;2;4
10432065836;3;3;4;3;3;4;4;2;3;4;5;3;3;2;4;4;4;4;4;3;3;3;4;2;4;3
10431996089;4;4;5;5;3;4;3;4;4;3;4;4;4;3;4;2;4;5;4;2;2;4;5;5;5;3
10431823143;4;4;4;4;4;4;4;2;4;4;4;4;4;3;5;4;4;4;4;4;4;5;4;2;2;4
10431817947;4;4;4;4;4;5;4;3;4;4;5;4;4;4;4;4;3;4;4;4;4;5;5;5;3;4
10431809799;5;4;4;4;4;4;4;3;3;4;4;4;3;4;5;4;4;4;4;3;3;3;4;4;4;4
10431802993;4;5;5;5;3;3;4;3;4;4;4;3;5;3;5;3;2;2;2;4;2;3;4;3;5;4
10431785671;3;5;5;5;1;4;4;2;3;2;5;2;4;2;5;4;4;4;3;4;4;4;5;3;4;4
10431759139;4;5;5;5;4;4;4;4;4;5;4;5;5;5;5;5;5;5;5;5;4;5;5;5;4;5
10431727479;1;1;3;2;3;5;3;1;2;4;2;1;3;2;4;2;4;4;3;3;3;3;3;2;2;3
10431724583;5;3;5;4;4;4;4;3;4;4;4;3;4;5;5;5;5;5;4;4;3;4;5;3;4;5
10431701550;3;3;4;4;3;4;3;1;2;4;5;3;3;3;4;2;4;4;3;2;3;2;3;5;2;3
10431700660;4;4;5;4;4;5;4;3;3;4;5;3;4;3;5;4;4;4;4;5;3;3;2;2;3;4
10431698899;4;3;5;5;4;5;4;4;5;4;4;3;4;4;4;4;4;4;4;4;3;4;5;4;4;4
10431698093;4;4;4;5;4;4;4;2;4;5;5;4;3;4;5;5;5;5;5;5;5;5;5;2;2;4
10431694827;4;4;3;2;3;4;2;4;2;3;4;2;4;3;2;3;4;4;4;4;4;3;4;2;4;3
10431662945;5;5;5;5;4;4;5;3;4;5;5;3;5;3;5;4;4;4;4;3;3;3;4;4;3;4
10431662225;4;4;5;4;3;4;4;3;4;4;4;3;4;3;4;4;4;4;4;4;4;4;4;4;3;4
10431656950;3;3;4;4;3;4;4;3;4;3;4;4;3;3;4;4;4;4;4;3;5;3;3;3;4;4
10431655338;4;4;4;5;3;4;4;3;3;5;5;3;4;3;5;3;5;5;5;4;5;4;2;4;3;5
10431650146;3;3;5;3;3;4;4;3;4;3;4;4;5;3;5;3;3;4;4;4;3;3;3;2;5;4
10431650074;4;3;3;4;3;4;4;4;3;3;4;3;4;4;4;2;4;4;4;4;4;3;3;2;4;4
10431645190;3;4;5;5;4;5;4;2;4;4;5;3;5;4;5;4;5;5;5;4;4;4;5;5;5;5
10431619686;3;3;4;3;4;4;3;3;3;4;4;3;4;3;2;NA;3;4;4;3;3;3;4;4;2;4
10431617366;4;5;5;5;2;2;4;2;3;5;3;3;4;2;5;2;5;5;2;3;2;4;4;2;4;4
10431613448;3;2;3;4;3;3;2;3;4;3;2;3;4;3;4;2;3;3;2;2;2;3;3;4;4;4
10431609875;5;5;3;5;4;4;3;3;5;4;4;5;5;5;5;3;4;4;5;4;5;3;4;3;4;4
10431606358;4;3;5;4;4;4;4;4;5;4;4;5;4;4;5;2;4;4;4;2;2;4;3;5;5;5
10431605749;4;3;5;5;3;3;3;2;2;3;3;4;4;3;5;3;4;4;3;3;5;3;3;4;2;4
10431592800;3;5;5;5;3;4;3;2;3;3;4;3;4;3;4;4;4;4;3;4;4;4;4;3;4;4
10431587890;4;4;5;5;4;4;4;3;3;4;4;3;3;4;5;4;4;4;4;4;4;4;4;4;4;4
10431585782;4;5;5;5;4;4;4;4;4;4;4;3;4;4;4;5;4;4;4;4;4;4;4;4;4;5
10431561746;4;4;5;5;4;5;2;3;4;4;3;3;4;4;5;3;4;3;4;4;4;3;4;4;3;5
10431555663;4;4;4;5;3;4;4;3;4;4;3;4;5;3;5;3;4;3;4;3;2;3;3;3;3;4
10431508768;4;3;2;3;3;5;4;2;4;4;3;3;3;4;4;4;4;4;4;3;3;3;4;4;4;4
10431480943;3;1;1;2;2;2;1;1;3;2;3;2;3;3;3;5;2;2;2;2;3;2;2;NA;2;3
10431480279;4;3;4;5;3;4;4;4;4;4;5;3;5;3;5;3;4;4;4;4;4;4;5;4;4;4
10431477546;4;4;3;4;3;4;3;4;4;3;4;3;4;4;4;4;4;4;3;4;2;4;4;4;4;4
10431452233;3;2;3;3;3;3;3;2;3;3;3;3;3;3;4;4;4;4;4;3;3;3;4;4;3;4
10431447324;4;4;5;5;3;3;2;2;2;3;3;3;4;3;4;2;2;2;2;4;4;4;3;3;2;3
10431434106;3;3;3;2;4;5;4;4;4;5;5;3;4;4;5;NA;5;5;5;5;3;5;4;4;4;4
10431425238;4;4;4;4;4;4;4;2;3;3;4;4;3;3;4;5;4;3;4;3;4;3;5;4;5;4
10431325394;3;4;4;3;3;4;4;4;5;3;4;4;4;3;5;3;3;4;3;3;3;4;4;3;3;2
10431295134;4;4;3;2;3;4;4;4;NA;3;2;1;2;1;4;2;2;5;2;4;4;4;5;5;5;4
10431083570;5;2;4;4;2;3;4;2;5;2;4;5;5;1;5;2;2;2;4;3;3;3;4;5;4;2
10431081415;4;4;3;4;2;3;2;4;5;3;5;2;5;2;5;3;2;2;4;2;2;2;5;5;5;4
10430970939;4;NA;5;5;4;4;3;2;4;4;5;3;3;3;4;5;4;4;4;4;4;4;5;3;3;5
10430968783;4;5;5;5;3;4;3;3;4;3;4;3;4;3;5;5;4;4;4;3;5;3;4;4;5;4
10430899208;4;4;4;4;5;5;4;4;4;4;4;3;4;4;4;4;3;4;4;5;4;5;4;5;4;4
10430879129;3;3;3;4;4;5;4;3;3;3;5;5;5;4;5;3;4;5;4;5;5;5;5;5;5;4
10430875321;5;4;4;4;3;4;4;4;5;4;4;5;5;3;5;4;5;5;4;3;4;5;5;5;5;5
10430873015;2;2;4;4;2;3;2;3;4;3;2;4;5;4;5;4;4;4;2;2;2;2;5;5;4;2
10430871931;4;5;4;4;4;5;4;2;3;4;4;4;4;4;5;5;5;5;5;5;4;4;5;5;5;5
10430829779;4;5;4;5;3;4;4;1;4;4;5;3;4;3;5;3;4;3;4;3;3;3;5;3;4;4
10430807384;4;4;5;5;3;4;2;2;3;2;5;3;4;4;4;2;2;3;4;2;3;5;3;4;4;4
10430800061;3;4;4;5;2;3;4;1;3;3;5;4;4;3;5;3;4;3;2;2;2;2;2;4;3;4
10430790978;4;3;4;4;3;4;4;4;4;4;4;4;4;2;4;4;4;4;4;4;4;4;3;3;3;4
10430787828;4;4;3;5;4;4;4;3;3;4;5;4;4;3;5;3;4;4;4;3;4;3;5;4;3;5
10430786467;3;3;4;3;2;3;3;3;3;3;3;3;3;3;4;5;3;3;4;3;3;3;3;2;3;4
10430780342;2;4;5;5;2;3;3;3;4;3;2;1;2;2;4;4;2;2;3;2;2;3;4;3;4;4
10430748046;3;3;3;4;4;4;3;2;3;3;3;3;4;3;5;5;4;3;4;4;2;3;4;5;4;4
10430738851;3;4;3;3;2;2;3;2;2;3;4;2;3;2;4;4;4;4;3;4;3;2;4;4;5;3
10430726856;2;2;1;1;2;2;4;3;4;2;3;1;5;2;2;2;2;2;2;2;2;3;3;4;2;2
10430709291;4;4;4;4;3;5;3;3;4;4;4;5;4;3;4;4;4;4;5;4;3;4;4;4;4;5
10430704335;4;4;5;5;4;5;4;3;4;4;5;4;4;5;5;4;5;5;5;4;4;4;4;4;4;5
10430697118;3;4;4;5;2;4;3;2;2;4;4;3;3;3;4;5;3;3;2;3;2;2;4;4;3;3
10430694004;4;2;3;3;3;3;4;3;4;3;4;5;4;2;4;3;3;4;3;2;2;3;5;4;5;4
10430690663;5;4;5;3;4;4;3;3;2;3;3;4;4;3;3;5;3;4;3;3;3;3;2;4;4;4
10430681272;4;3;3;3;3;3;3;2;3;3;3;3;3;3;4;2;3;3;3;3;2;3;4;4;4;4
10430669337;5;4;5;5;4;4;4;3;4;3;4;5;5;5;5;2;2;2;4;2;2;4;4;4;4;4
10430660175;5;4;4;3;4;5;4;4;4;4;4;3;5;4;5;5;5;5;5;5;5;5;5;5;4;4
10430649284;4;4;4;5;3;3;2;3;5;3;3;5;4;5;5;2;3;3;4;3;4;4;5;4;3;4
10430646515;3;4;5;5;4;5;5;1;3;3;5;5;3;3;5;5;5;5;5;4;4;4;2;3;5;3
10430605540;4;4;5;5;3;5;4;2;4;4;5;3;4;3;5;5;5;4;5;5;4;4;4;3;4;4
10430600405;5;4;4;5;4;4;4;3;3;4;4;4;4;4;5;4;4;4;4;4;3;3;4;4;4;4
10430594077;4;4;5;5;4;5;4;3;3;5;5;5;5;3;5;5;4;4;4;5;4;5;5;3;3;5
10430586602;4;4;4;4;4;4;3;4;4;5;3;5;4;5;5;2;3;4;3;2;3;4;5;5;4;2
10430577946;4;4;2;4;4;5;4;4;4;3;3;4;3;4;4;5;4;4;4;4;4;4;4;4;4;4
10430568688;1;4;5;4;1;1;5;1;2;1;2;1;2;1;5;3;5;5;2;2;2;2;2;2;2;3
10430564992;4;4;4;5;3;5;4;3;4;5;5;3;5;4;5;2;5;5;4;4;4;3;5;4;5;4
10430560574;4;4;5;5;3;4;4;3;3;3;4;3;4;3;5;4;4;4;4;4;3;3;5;2;4;4
10430553519;4;4;5;5;4;4;4;2;3;4;4;3;3;4;5;5;4;4;5;5;3;5;5;4;5;3
10430544161;3;4;4;5;3;4;4;2;2;3;5;3;5;3;3;2;4;4;3;2;3;3;3;3;2;4
10430540012;4;4;5;4;4;4;4;3;3;3;4;4;4;4;5;4;4;4;4;4;4;4;5;4;5;4
10430531719;5;5;5;2;4;5;4;2;3;5;5;5;4;5;5;5;5;5;5;3;3;5;5;5;5;5
10430529071;4;5;5;5;3;4;3;3;3;4;5;3;4;3;5;5;5;5;5;3;3;3;5;5;4;1
10430528428;4;4;3;5;3;4;4;3;3;4;5;4;3;3;5;5;5;5;4;4;3;4;4;4;4;4
10430523214;5;2;2;2;4;5;5;2;5;3;3;5;4;3;4;2;3;4;3;5;2;5;5;5;5;4
10430517821;4;4;4;3;4;4;4;4;4;4;3;3;4;4;4;4;4;4;4;4;4;4;4;4;4;5
10430501440;3;4;4;5;3;4;4;4;4;3;4;2;4;2;4;2;4;5;4;5;2;5;2;5;5;2
10430501401;4;2;4;1;2;2;2;3;2;2;3;2;2;2;4;2;2;2;3;3;4;3;2;5;2;4
10430487419;5;5;5;4;4;4;4;3;4;5;4;4;5;4;5;5;5;5;4;5;4;4;5;5;5;5
10430482890;4;4;4;4;3;3;3;4;4;3;3;4;4;3;5;4;4;4;4;3;3;3;5;5;4;4
10430469718;3;3;4;2;3;3;2;3;4;3;3;4;4;4;4;3;3;4;3;4;3;5;4;4;3;2
10430463173;4;4;4;5;3;3;4;2;3;5;5;4;4;4;5;4;4;4;4;4;4;5;4;4;4;4
10430461676;4;3;3;5;3;4;4;4;4;3;4;4;4;2;5;5;3;3;3;4;3;3;4;4;4;4
10430460750;5;5;4;4;5;5;4;4;3;4;5;4;4;4;5;4;4;4;4;5;4;3;4;5;4;4
10430456219;3;3;2;2;3;4;4;3;4;3;3;3;3;3;4;3;4;4;4;4;3;3;5;4;4;4
10430452312;5;5;5;5;4;4;4;3;4;5;5;4;5;4;5;5;4;4;4;4;4;4;5;5;5;5
10430450824;4;4;5;5;4;4;4;4;4;4;4;3;4;4;5;5;5;5;5;5;5;5;5;3;3;5
10430449367;2;3;3;3;3;5;3;1;2;2;4;2;4;2;5;2;2;2;2;4;2;4;3;3;3;4
10430448718;4;3;4;3;3;4;4;4;3;3;5;2;5;2;4;2;4;2;4;4;4;3;4;3;3;5
10430439285;4;4;5;5;3;5;4;5;4;3;4;3;5;3;5;3;5;5;5;4;3;4;5;5;5;5
10430432155;5;5;3;5;5;5;4;2;4;4;4;5;5;5;5;4;4;4;4;4;3;4;5;5;4;4
10430430687;3;4;4;5;2;3;2;2;3;3;3;2;4;2;5;4;4;4;3;3;3;2;4;2;4;3
10430428960;5;4;4;5;4;5;5;4;5;5;5;5;5;4;5;5;5;5;5;4;4;4;4;4;5;4
10430422428;4;4;5;2;4;4;4;3;3;3;3;3;4;4;5;2;4;3;3;3;3;3;4;4;5;4
10430421233;2;2;2;2;2;2;3;2;3;2;3;1;3;2;4;2;2;2;2;3;3;3;4;4;3;3
10430414322;4;4;5;4;4;5;4;3;3;3;5;4;5;4;5;4;4;5;4;5;5;4;3;5;4;4
10430413380;4;4;5;5;3;3;3;4;4;3;3;4;4;4;5;3;3;3;3;3;3;3;5;5;5;4
10430408078;4;4;2;3;4;5;4;3;4;3;4;5;4;3;3;4;4;4;4;4;3;4;5;5;5;5
10430407908;3;2;2;3;4;3;2;2;4;2;4;2;4;3;2;4;2;2;2;3;2;2;2;3;3;3
10430400675;4;4;5;5;3;4;5;3;3;3;2;3;5;4;5;5;4;4;4;4;5;2;3;3;3;5
10430400453;4;4;5;4;4;5;4;3;2;4;4;3;3;3;5;4;4;4;4;5;3;4;5;4;4;4
10430395107;5;4;5;5;4;4;4;4;4;4;4;4;4;4;5;4;4;4;5;5;4;5;4;4;4;4
10430390468;4;4;4;5;4;5;4;4;3;3;3;4;4;3;5;2;4;4;5;4;4;4;5;4;3;4
10430389142;5;5;5;4;3;4;4;4;4;4;4;3;4;4;5;5;5;5;5;4;4;4;5;4;2;5
10430388341;3;4;5;4;3;3;4;1;3;4;2;2;3;2;4;4;4;4;4;4;4;3;3;2;4;4
10430385336;3;2;2;3;3;4;4;3;3;3;3;1;3;3;4;3;3;4;3;3;2;3;2;3;3;4
10430381957;4;4;5;5;2;4;4;3;4;3;5;3;3;3;5;4;4;4;3;2;3;3;5;5;5;4
10430372223;4;4;5;4;4;5;4;4;4;4;4;4;4;4;5;4;4;4;4;4;4;4;4;5;5;4
10430369761;5;4;4;5;4;4;4;3;5;4;5;4;4;3;5;4;5;5;5;4;4;4;5;3;4;5
10430368985;4;5;4;4;4;5;4;4;4;3;4;4;4;4;5;4;4;4;4;4;5;4;5;5;3;4
10430365138;5;5;3;3;4;5;5;4;3;4;5;4;4;4;5;4;5;5;5;5;5;5;5;5;5;5
10430365103;4;3;5;5;4;5;5;5;4;4;4;5;5;5;4;2;4;4;4;3;3;4;4;5;5;3
10430362207;5;5;5;4;4;5;5;2;4;4;5;3;5;3;5;4;4;5;5;4;4;3;4;4;4;5
10430360124;4;4;4;4;4;4;4;3;4;4;4;3;4;4;5;4;4;4;5;4;4;4;4;4;5;4
10430359041;4;5;5;5;4;4;4;3;3;4;4;5;4;4;5;4;4;4;4;4;4;4;4;4;5;5
10430357633;4;4;5;4;4;5;4;4;3;4;5;4;4;4;5;3;4;5;4;5;3;5;3;4;4;4
10430354176;2;2;2;4;3;4;2;2;2;2;4;2;3;3;4;2;4;4;3;5;4;5;2;2;2;3
10430353901;4;4;2;4;4;4;4;3;4;4;3;2;4;3;5;5;3;3;5;4;3;5;4;4;4;4
10430353252;4;2;3;4;3;5;3;3;4;3;4;5;4;4;5;4;4;4;5;3;5;3;5;5;5;3
10430352862;5;5;4;4;4;4;4;4;4;4;5;3;4;4;5;4;4;4;4;4;4;4;4;4;4;4
10430352185;4;2;4;3;2;3;3;2;4;3;3;2;4;3;4;2;2;2;2;3;2;3;5;2;4;3
10430348866;3;3;3;4;2;3;2;2;3;3;4;3;4;2;5;2;3;3;2;3;3;3;2;2;3;2
10430348263;5;5;5;5;4;5;4;4;4;4;5;4;4;4;4;4;4;5;5;4;3;4;5;5;5;4
10430348177;2;1;4;3;2;3;3;2;3;1;3;1;4;1;4;4;2;4;2;4;2;3;3;2;4;4
10430347473;4;4;4;5;4;4;4;2;3;4;4;3;3;3;4;3;4;4;5;5;4;4;5;3;3;5
10430347233;3;4;5;4;3;4;3;2;3;4;5;3;4;2;5;3;3;3;4;2;2;3;4;2;5;4
10430347067;4;5;4;5;4;5;5;5;5;5;5;5;5;3;5;3;5;5;5;5;4;4;5;5;5;4
10430346079;1;2;2;3;2;1;3;1;1;2;2;2;2;1;2;2;2;2;2;2;2;3;2;2;2;1
10430345477;3;3;4;4;3;4;3;2;3;2;3;2;4;3;4;4;3;3;3;4;2;4;2;2;2;4
10430344757;4;5;5;5;4;4;4;3;4;4;4;4;3;4;4;4;4;4;4;4;5;4;4;4;4;5
10430344143;4;3;5;4;4;4;2;3;2;3;4;3;4;3;4;5;2;2;3;4;5;5;5;5;5;2
10430344049;4;2;3;4;3;4;2;1;4;2;2;3;5;3;2;2;2;2;3;4;3;3;4;5;2;3
10430343868;4;4;2;4;4;5;5;1;3;3;3;3;3;4;5;5;4;4;4;4;5;3;NA;3;2;4
10430340365;3;4;3;4;3;3;4;1;3;3;4;3;4;3;4;2;4;4;4;3;4;3;4;2;2;4
10430340126;4;3;3;2;3;3;3;2;4;3;3;3;3;4;5;2;4;4;3;3;4;3;4;4;4;1
10430339999;4;4;5;2;4;1;3;4;3;3;2;5;5;4;5;4;4;5;4;5;3;4;5;5;4;5
10430339464;4;4;5;4;3;4;3;3;3;3;3;3;4;4;3;3;4;4;4;4;4;4;4;4;4;4
10430339334;5;4;4;5;4;4;4;5;4;4;5;4;4;4;4;4;4;4;4;4;4;4;5;5;4;4
10430337253;2;2;3;5;4;5;2;2;2;3;4;3;3;3;5;2;3;3;4;5;5;4;2;5;3;1
10430335934;4;4;5;5;4;5;4;3;4;4;4;3;3;3;4;5;5;5;5;3;5;4;4;3;5;4
10430335767;5;5;5;5;5;5;5;4;4;5;5;5;5;5;5;4;4;4;5;5;4;5;5;5;5;5
10430335011;3;2;2;2;3;4;3;2;3;2;3;5;3;3;3;2;3;3;3;3;4;3;4;4;2;4
10425170040;4;4;5;4;3;3;2;2;4;3;3;2;4;3;5;2;4;4;2;2;4;5;5;3;2;2
10425139393;5;5;5;5;4;5;4;2;4;5;5;5;5;5;5;5;5;5;5;5;4;5;5;5;4;4
10425031666;4;4;5;5;4;5;4;1;3;5;5;3;4;4;5;5;5;3;5;5;4;5;4;4;5;5
10424948560;5;4;2;1;4;4;5;1;5;4;4;4;5;4;3;3;4;4;3;4;3;4;5;5;2;4
10424837808;4;4;5;5;NA;1;5;4;4;5;4;3;3;4;5;NA;4;4;5;4;4;4;4;4;5;4
10424796841;4;2;4;4;3;3;3;3;3;3;2;3;3;4;4;2;2;2;2;2;3;2;2;4;4;1
10424794291;5;5;5;5;4;5;5;4;4;4;5;5;5;5;5;3;5;5;5;5;5;5;5;5;5;4
10424762554;3;4;5;2;2;3;3;3;4;4;5;2;3;3;5;2;2;3;2;2;2;2;5;4;5;2
10424747798;4;4;5;4;3;4;4;2;4;4;4;4;3;3;4;4;4;4;4;4;4;3;4;4;4;4
10424696480;4;5;5;4;4;5;4;4;5;5;5;4;4;4;5;4;4;4;4;3;3;4;5;3;4;4
10424691718;5;4;3;4;4;5;4;3;4;4;4;3;4;3;4;4;4;4;4;4;3;3;3;3;3;4
10424623117;5;5;5;5;4;5;4;3;4;5;5;5;5;3;5;4;4;5;5;4;5;4;5;5;5;5
10424618832;3;3;4;5;3;4;4;3;4;3;4;4;5;4;5;4;4;5;4;4;3;3;3;4;4;4
10424571319;4;4;4;4;4;5;4;4;4;5;4;3;4;5;5;4;5;4;4;5;5;4;5;4;4;4
10424478719;4;5;5;4;3;4;3;4;4;3;4;3;4;3;4;4;4;4;4;4;4;5;5;5;5;4
10424293585;2;2;3;4;2;3;4;2;4;2;3;1;5;4;5;2;3;2;2;3;4;4;3;4;4;2
10424256785;3;3;3;4;3;4;4;3;3;3;4;3;3;2;4;2;4;4;4;3;3;2;3;5;2;4
10424155505;3;4;2;2;4;4;4;1;2;1;4;2;2;2;4;3;2;2;3;5;5;4;4;2;4;4
10424128470;2;4;4;3;2;3;4;1;2;3;3;1;1;1;3;4;4;4;3;4;2;2;4;5;5;3
10424096573;3;4;4;3;3;5;4;2;4;5;5;2;4;3;5;4;4;5;5;3;4;3;4;3;2;4
10424008937;4;5;4;4;3;4;3;1;2;4;5;2;3;3;5;2;2;4;3;4;5;4;3;2;2;3
10423973940;3;4;5;5;4;1;1;4;3;3;1;4;3;4;5;2;2;2;2;3;2;3;2;3;4;3
10423971686;5;4;5;5;3;5;5;5;4;4;5;4;3;4;4;5;4;4;5;4;4;5;4;4;4;5
10423872273;4;3;3;4;2;3;3;3;3;2;3;3;4;3;5;2;2;2;3;3;2;3;5;3;2;3
10423866118;4;3;4;4;4;4;2;2;4;3;5;2;3;3;5;5;5;5;2;3;4;3;4;4;4;3
10423860045;4;4;4;5;3;5;5;3;4;5;5;3;3;3;5;4;5;4;4;4;4;4;4;4;2;4
10423856757;4;5;4;4;3;3;4;4;4;3;4;3;3;3;5;3;4;4;4;4;5;4;5;5;5;4
10423856249;3;3;5;5;3;1;4;3;4;4;4;3;4;4;4;3;4;4;3;3;3;3;4;4;4;4
10423853437;2;2;5;5;3;1;3;1;3;2;1;3;3;3;3;2;3;3;2;4;5;3;4;3;5;4
10423815008;4;2;3;2;3;3;2;1;1;2;3;3;5;3;3;5;2;2;2;3;4;3;4;5;5;4
10423797468;3;2;5;5;3;3;3;3;3;4;4;3;3;3;4;3;3;3;3;NA;3;2;2;3;3;4
10423794371;4;2;3;3;1;2;2;2;2;3;1;1;1;1;2;2;2;2;2;4;3;3;4;2;2;4
10423794342;3;3;2;2;2;2;2;4;4;3;2;5;5;5;5;5;2;2;2;2;3;3;5;5;5;2
10423774331;4;3;3;5;3;2;3;3;4;3;4;3;5;4;4;2;3;3;3;4;2;3;5;4;4;3
10423763541;5;4;4;5;4;4;4;3;4;4;4;3;4;4;4;4;4;4;4;4;3;4;4;4;4;4
10423760087;4;4;5;5;3;4;4;3;3;5;5;3;4;3;5;4;4;4;4;4;3;4;4;3;4;4
10423753739;4;4;4;5;3;4;3;1;2;3;4;4;4;4;5;3;3;3;3;3;4;3;4;4;3;3
10423748652;4;5;5;5;4;5;4;4;5;4;5;4;4;4;5;4;4;4;4;5;4;4;4;4;5;5
10423706880;4;4;5;4;4;4;4;4;3;4;4;3;4;3;4;4;4;4;4;4;3;4;4;4;3;4
10423706579;4;2;3;2;NA;3;3;3;3;2;1;2;5;2;4;3;2;2;2;4;2;3;3;3;3;5
10423702098;3;2;2;4;3;2;2;2;3;2;4;3;4;3;4;3;2;2;2;3;2;3;4;4;3;4
10423697982;4;4;2;4;4;4;3;3;4;3;3;3;4;4;4;4;4;3;4;4;2;4;4;4;4;4
10423658194;4;2;2;3;3;5;3;2;3;3;4;3;5;4;3;3;3;2;3;3;4;4;4;4;4;2
10423637378;3;4;5;5;3;4;4;3;4;4;4;4;3;2;5;4;4;4;4;4;3;4;4;3;3;4
10423608419;3;3;3;4;3;5;3;2;2;3;3;2;3;2;4;4;4;4;4;3;4;3;4;2;4;4
10423587809;2;2;4;4;3;3;3;3;3;2;4;2;2;2;4;5;5;5;5;2;2;2;2;2;2;4
10423583923;3;2;3;3;3;4;2;3;1;2;1;1;3;2;3;2;4;2;2;3;2;3;3;3;3;1
10423575217;4;4;4;4;4;5;4;3;4;3;2;4;4;4;3;4;4;4;4;4;4;3;3;4;3;3
10423565839;4;3;3;3;3;4;3;3;4;3;4;3;3;3;4;4;4;4;4;4;4;4;5;5;4;4
10423536149;4;4;5;4;3;4;4;3;4;4;4;5;4;3;4;4;4;4;4;4;2;4;4;3;4;4
10423281364;3;4;5;5;2;4;5;4;4;3;2;3;5;3;5;4;4;4;3;3;4;3;5;4;5;4
10423111789;4;4;4;4;3;5;4;4;4;4;4;3;3;4;4;4;4;4;4;3;3;3;4;4;4;4
10423006901;4;3;4;2;5;5;4;2;3;4;3;3;3;4;5;2;4;4;4;5;4;5;3;4;4;4
10422935886;4;4;4;4;3;3;4;3;3;4;5;5;4;3;4;4;4;4;4;4;3;4;4;3;3;5
10422921381;3;4;5;5;3;4;3;1;3;3;4;3;3;3;4;5;3;5;3;3;5;3;5;2;2;4
10422909745;4;4;5;5;3;3;4;3;3;3;3;3;3;3;4;4;4;4;3;4;3;3;4;4;4;5
10422909165;3;3;2;3;2;2;2;3;3;2;2;5;5;1;4;2;2;2;2;3;2;3;5;4;4;2
10422891013;3;2;2;2;3;4;3;2;2;2;1;1;3;1;3;2;2;2;2;3;2;3;4;2;2;3
10422859444;4;3;5;4;2;3;3;3;3;3;3;3;3;2;4;4;4;3;3;3;3;3;4;4;3;4
10422819225;4;4;3;4;3;4;4;4;4;5;5;4;4;3;5;5;4;3;4;3;2;4;5;2;4;4
10422794986;4;4;5;4;4;5;4;2;3;4;3;4;5;5;5;4;5;4;4;4;2;5;5;2;4;5
10422766782;4;4;5;5;4;4;4;3;5;5;5;4;5;4;5;5;5;5;5;3;5;4;5;5;5;4
10422764322;4;4;5;5;4;4;4;4;4;4;4;4;4;3;5;4;4;4;4;3;4;3;4;5;5;4
10422699355;4;3;3;4;2;3;4;3;3;3;3;5;4;3;5;2;4;5;4;2;2;3;3;4;3;5
10422679302;4;1;1;1;3;5;3;1;3;1;1;1;2;3;3;2;2;2;2;3;4;3;2;5;5;1
10422675198;5;4;4;4;4;5;4;5;5;4;4;5;4;4;4;3;4;5;5;5;5;4;5;4;4;4
10422667703;4;5;5;4;3;3;3;3;4;3;4;3;4;3;5;2;4;2;2;5;3;4;4;4;4;2
10422615677;4;2;5;4;4;4;4;2;3;2;3;4;4;4;4;2;3;4;4;4;2;4;4;4;4;4
10422575082;2;2;5;5;2;4;3;3;3;4;4;1;3;1;5;3;4;5;3;3;3;2;5;3;5;5
10422532419;3;2;3;2;4;4;3;3;4;3;3;2;3;2;3;2;3;3;2;4;3;3;4;4;4;4
10422517857;3;3;4;5;2;3;2;2;3;3;3;4;3;2;4;2;2;2;2;4;3;2;2;2;4;2
10422448486;3;4;5;5;3;4;3;2;4;4;3;3;3;3;4;3;3;4;3;3;3;3;2;4;4;4
10422446509;4;3;4;4;3;5;4;3;4;3;3;2;5;4;5;5;4;4;5;5;3;4;5;2;4;4
10422444590;4;2;3;2;3;4;3;2;3;3;5;3;3;3;2;2;3;3;3;4;2;3;5;5;5;3
10422421075;2;4;4;5;2;3;1;2;2;2;2;1;2;2;4;2;2;2;2;3;3;4;2;2;2;4
10422362799;4;4;5;5;4;5;5;4;4;5;5;5;5;4;5;5;4;5;4;4;5;5;5;3;5;5
10422321374;4;4;4;4;3;4;4;3;4;4;4;3;4;3;5;3;4;4;4;4;3;4;4;4;4;5
10422305764;4;4;4;5;4;5;4;3;3;4;5;5;4;4;5;4;4;4;4;4;4;4;3;2;3;5
10422301370;4;5;5;5;4;4;2;3;4;5;3;3;3;3;5;2;4;4;3;4;2;4;3;4;3;4
10422272853;4;4;3;4;4;4;3;3;4;3;3;5;4;4;4;4;2;3;2;3;3;3;4;4;2;3
10422087345;4;3;4;5;3;3;3;1;3;2;3;3;4;3;4;2;3;2;2;2;2;2;4;3;4;4
10422050936;5;4;5;5;4;5;4;5;4;4;5;5;5;5;5;4;5;5;5;5;5;5;5;5;5;4
10421999764;4;4;3;3;3;4;4;2;4;3;4;4;4;4;5;4;4;4;4;3;4;3;5;4;4;4
10421971563;4;4;4;4;3;4;4;3;4;4;3;3;3;3;5;4;4;4;4;4;4;4;5;4;4;4
10421966697;4;3;2;2;3;3;3;3;4;3;4;2;4;5;3;3;2;2;2;2;2;2;NA;2;2;2
10421869178;4;4;5;4;4;4;4;4;4;5;5;5;5;5;5;5;5;5;5;4;4;5;5;5;5;4
10421729414;5;4;4;4;4;5;4;3;4;5;5;4;5;4;5;5;5;4;5;5;3;4;5;4;4;5
10421632891;3;4;4;5;2;3;3;2;3;3;4;2;4;2;4;4;3;3;3;4;4;3;4;2;2;4
10421623812;4;3;3;3;2;1;2;5;4;2;4;2;5;3;4;3;2;2;5;3;2;3;5;3;5;1
10421622624;4;4;3;2;3;4;3;2;4;3;3;2;3;3;4;3;2;4;3;4;3;3;4;4;4;4
10421563580;2;2;5;5;2;1;5;1;1;2;5;1;5;1;3;2;2;2;2;3;2;2;2;3;3;4
10421556589;4;2;3;3;2;4;3;2;1;3;3;2;4;2;4;2;2;2;2;5;5;5;5;5;4;4
10421542394;4;4;5;5;3;4;3;2;4;3;4;3;4;4;5;3;4;4;4;4;3;4;5;5;4;4
10421535472;2;3;2;2;1;5;4;1;1;3;3;2;4;1;4;2;3;2;3;2;4;2;2;3;5;3
10421477974;5;3;5;4;3;5;4;2;4;3;5;3;3;4;5;4;5;5;5;4;4;3;5;3;5;5
10421475600;2;2;5;2;2;1;3;2;3;3;3;5;3;1;4;NA;4;3;2;5;5;3;3;5;5;3
10421465227;4;5;3;4;5;5;4;5;5;4;4;4;5;5;4;3;4;4;4;5;3;5;4;5;5;5
10421442333;3;2;3;4;2;3;2;1;1;2;4;4;5;2;5;2;2;2;2;5;2;3;2;4;5;1
10421442332;5;4;5;5;4;5;4;5;5;4;4;4;4;4;5;2;4;4;4;4;4;4;4;4;4;4
10421440828;4;4;5;4;4;5;4;3;4;5;5;3;4;3;5;4;5;5;5;5;4;4;4;4;4;5
10421423979;4;3;3;4;3;4;4;4;4;4;4;3;4;3;4;2;4;4;4;3;4;4;4;4;4;4
10421376858;4;4;5;5;3;4;4;4;4;3;5;3;4;3;4;4;4;4;4;4;3;4;4;4;4;4
10421376716;4;4;3;2;4;5;3;2;4;3;3;5;5;5;5;4;3;2;4;3;2;4;4;4;5;5
10421374841;4;5;5;5;3;4;4;3;3;4;4;3;4;3;5;4;4;4;4;3;3;3;4;3;3;4
10421371676;4;4;5;4;4;4;4;1;2;4;5;4;3;3;4;4;4;4;4;3;3;3;4;2;2;4
10421357178;2;2;2;4;3;5;3;4;3;2;1;3;4;3;2;2;2;2;2;4;2;4;5;5;5;4
10421347809;4;4;4;4;4;4;5;4;4;4;5;4;4;4;5;3;4;4;4;4;4;4;4;4;4;4
10421336316;5;NA;5;5;4;4;4;3;4;4;5;3;4;4;4;4;4;4;5;5;5;5;5;4;4;5
10421323593;4;5;5;4;4;5;5;4;5;4;5;3;4;4;5;5;5;5;5;5;5;4;5;4;4;4
10421273825;4;5;5;5;4;5;4;3;4;4;4;5;5;4;5;4;4;5;4;4;4;3;4;4;4;4
10421269383;3;4;5;4;4;5;4;3;4;4;4;3;4;4;5;4;4;4;4;4;4;4;5;4;4;4
10421265172;4;4;5;4;4;5;5;5;4;5;5;3;5;5;3;5;5;5;5;5;4;5;4;2;5;4
10421220186;5;4;4;5;4;5;5;4;4;5;4;5;4;5;5;5;4;4;5;4;5;4;5;5;5;4
10421196630;5;4;4;5;4;4;3;4;4;4;3;5;4;3;4;3;4;4;4;4;4;3;4;4;4;4
10421049798;5;5;4;4;5;5;4;3;5;4;5;4;4;5;5;4;5;5;5;5;5;5;5;3;5;5
10421034497;2;2;3;4;2;3;2;1;2;2;1;2;4;4;1;2;2;2;2;3;3;5;2;2;2;3
10421026411;NA;3;2;3;1;4;2;4;3;3;2;1;3;1;5;4;2;3;3;2;5;3;2;2;2;3
10421012620;3;3;3;3;3;3;3;3;3;2;3;1;3;3;3;3;3;2;2;2;2;2;3;2;2;2
10420993887;5;2;4;2;3;4;3;3;4;4;2;3;5;3;5;2;4;3;3;5;3;5;5;5;5;5
10420991138;4;4;4;5;4;4;4;3;4;5;5;3;4;4;5;5;5;5;5;4;4;4;5;3;4;4
10420974813;4;2;4;5;3;4;3;2;4;3;4;3;4;4;4;2;3;3;3;5;4;4;4;2;4;3
10420973917;4;4;4;5;4;4;3;2;4;4;3;3;3;4;4;3;4;4;4;4;5;5;4;3;3;4
10420964126;2;2;5;3;1;1;3;1;1;2;2;1;4;4;4;2;2;2;2;2;2;2;2;2;2;1
10420960380;5;3;5;4;3;4;5;4;4;5;5;4;2;3;5;2;4;4;3;2;3;2;5;5;5;5
10420954976;2;2;4;4;2;3;4;2;1;2;3;2;3;2;4;3;4;4;3;2;2;2;2;4;3;3
10420951804;4;4;5;5;3;5;3;4;2;3;3;3;3;2;4;5;3;3;4;3;3;3;3;2;2;4
10420950824;4;3;4;4;3;4;2;3;4;3;3;3;3;3;4;4;4;3;3;4;4;4;4;4;4;4
10420932039;5;4;4;5;4;5;5;2;5;5;5;5;5;5;5;4;4;5;4;5;4;5;5;5;5;5
10420930364;4;3;4;5;3;4;3;3;4;3;4;3;4;3;4;4;4;4;4;3;3;3;4;4;4;4
10420928702;5;3;4;5;4;5;3;3;4;3;4;4;4;4;5;2;3;4;4;4;5;4;5;4;5;5
10420894683;4;4;5;4;5;5;3;4;5;3;5;3;5;5;5;4;4;4;4;5;5;4;5;5;5;4
10420887555;3;3;5;5;3;4;4;3;3;4;4;3;3;3;4;3;4;4;4;4;4;4;4;4;4;4
10420884438;4;4;4;4;3;5;4;3;2;5;5;3;3;3;4;4;4;4;5;5;5;4;5;4;2;4
10420876526;4;4;5;4;3;4;4;3;4;4;4;4;4;3;4;4;4;4;4;4;2;4;3;4;4;5
10420871361;3;2;2;3;3;3;3;3;3;3;3;3;3;3;3;2;4;4;3;4;2;3;3;3;3;4
10420857974;4;4;5;5;3;5;2;2;3;2;2;3;4;2;4;2;3;2;2;2;2;4;2;4;3;3
10420849527;2;4;5;4;2;3;3;3;3;5;4;2;3;2;5;4;4;4;3;3;2;3;3;4;3;4
10420840463;4;2;4;5;3;4;3;3;5;5;4;4;4;3;5;2;4;4;4;3;2;3;4;4;5;5
10420831921;4;4;5;5;4;4;3;3;2;4;4;1;4;3;5;3;4;4;4;4;3;3;3;3;3;2
10420827626;5;3;5;5;3;2;3;5;4;2;3;3;4;3;5;4;3;3;4;3;2;3;4;3;5;1
10420813747;4;4;5;5;4;4;4;4;5;4;3;2;4;3;5;5;5;5;4;5;3;5;5;2;3;5
10420813561;5;5;4;5;5;5;5;5;4;5;5;5;5;4;5;4;5;5;5;5;5;5;4;5;4;5
10420783140;4;4;3;4;4;5;4;4;4;4;4;3;4;4;4;4;4;4;4;4;4;4;4;4;4;4
10420777772;4;4;4;5;4;5;5;4;3;5;5;5;5;3;5;4;5;5;5;5;3;4;4;5;5;5
10420774772;5;4;3;4;4;5;4;3;5;4;5;5;4;4;5;4;4;4;4;4;4;4;5;5;5;5
10420757804;4;3;3;3;3;1;2;2;4;2;3;4;3;3;4;3;2;3;3;2;3;3;4;4;4;2
10420749678;3;3;3;3;2;3;4;2;2;3;3;1;3;1;4;3;3;5;3;2;4;3;4;2;2;4
10420739717;4;5;5;5;4;5;5;4;2;5;5;3;4;4;5;4;4;4;3;4;4;4;3;3;2;5
10420735327;2;3;3;4;2;4;3;4;3;4;4;2;2;1;4;4;4;4;4;3;2;3;3;4;2;4
10420728368;5;3;5;5;4;4;4;2;4;4;5;4;4;3;4;4;4;4;4;4;4;4;4;3;4;4
10420728104;4;4;4;4;3;4;4;2;3;3;4;3;4;3;5;3;4;4;4;3;2;3;4;3;4;4
10420685692;4;4;5;3;4;4;4;3;3;4;4;4;4;3;5;2;4;4;5;4;3;3;4;4;5;4
10420667420;NA;4;4;3;2;4;3;2;2;4;3;3;4;2;2;5;4;2;4;4;2;4;5;4;5;4
10420664826;2;2;2;1;2;2;2;1;4;2;3;1;4;3;5;2;2;2;2;3;2;5;5;4;4;1
10420663644;4;4;4;4;3;3;4;2;3;3;2;1;4;3;5;5;4;5;5;5;3;5;4;4;4;4
10420662173;5;4;5;5;4;4;3;3;4;5;5;5;5;3;5;4;4;5;5;5;4;5;5;4;4;4
10420654107;5;4;5;5;3;4;4;5;5;5;5;5;5;5;5;4;5;5;4;4;3;3;5;5;5;4
10420643305;5;5;4;4;4;5;4;3;4;5;3;4;3;4;5;5;4;4;4;4;3;3;5;5;5;4
10420617699;4;4;4;3;4;5;5;3;3;3;4;2;5;4;2;5;4;4;4;5;4;4;5;4;3;5
10420603680;4;4;5;5;3;2;4;2;4;5;3;4;2;5;5;4;3;2;3;3;4;3;5;3;4;2
10420578633;4;4;5;4;3;4;4;2;3;4;2;2;4;3;5;5;4;4;3;3;5;4;4;4;3;5
10420565744;4;4;3;4;4;5;4;3;3;4;5;3;4;4;5;3;4;4;4;4;3;4;4;3;4;4
10420565359;4;3;3;2;4;5;3;2;3;3;4;3;3;3;3;3;3;3;5;4;3;4;3;3;3;5
10420563860;4;4;4;4;4;5;4;4;4;4;4;NA;4;4;4;3;4;4;4;4;3;4;5;4;4;4
10420563459;4;4;5;4;4;5;4;2;4;4;5;3;4;2;5;4;4;4;4;4;4;4;4;4;4;5
10420529386;4;3;5;3;4;4;4;2;4;5;5;3;5;4;5;3;4;4;4;4;4;4;4;2;4;4
10420525979;2;3;4;2;2;2;1;3;4;2;3;3;4;4;5;4;2;2;2;3;2;3;4;3;4;2
10420515213;5;5;3;3;4;4;4;3;4;5;4;4;3;4;4;4;4;4;4;3;5;4;4;3;4;5
10420512985;4;4;4;4;2;4;4;2;4;3;4;5;4;4;5;3;4;3;4;4;3;4;4;4;5;4
10420509995;4;4;4;4;3;3;4;4;2;3;3;4;3;3;4;3;3;3;4;3;3;3;3;4;4;4
10420488350;4;4;5;5;3;3;4;4;4;4;5;5;4;3;5;5;4;5;3;2;5;2;4;5;4;4
10420485486;4;4;4;4;4;5;3;4;3;3;4;3;3;4;4;4;3;3;3;4;4;4;5;5;5;5
10420472068;5;5;5;5;4;4;5;4;5;5;5;5;5;5;5;5;5;5;5;4;5;4;5;5;5;5
10420469728;4;2;3;3;2;3;2;2;3;1;2;1;4;1;5;2;2;2;2;3;2;3;3;2;4;2
10420468029;4;4;4;4;3;5;5;4;4;3;5;3;3;2;4;4;4;3;3;3;3;3;4;2;3;3
10420463039;4;4;4;2;3;4;2;3;3;3;2;3;3;3;3;2;2;3;3;3;2;2;3;4;3;2
10420460467;4;4;3;4;3;3;4;2;4;4;3;3;3;3;4;5;4;4;4;3;2;3;3;4;4;4
10420457209;4;4;4;5;4;4;5;3;3;4;4;4;4;5;4;4;4;4;4;4;4;4;5;5;5;4
10420439191;4;4;5;5;3;3;2;4;4;5;3;5;5;4;5;3;5;5;4;4;4;4;4;4;4;5
10420435510;4;4;5;5;3;4;3;2;3;3;3;4;4;4;5;2;3;3;3;3;3;3;4;4;5;4
10420430554;5;4;4;4;4;4;4;4;4;4;4;5;5;4;5;4;4;4;4;5;3;5;5;5;5;3
10420420103;5;5;5;4;5;5;4;3;4;5;5;3;4;5;5;4;5;4;5;5;2;5;5;4;5;4
10420416996;2;4;4;2;2;2;3;3;3;3;3;4;4;3;5;4;4;4;4;3;3;3;3;4;4;4
10420408807;4;4;4;5;3;4;3;4;1;3;4;4;2;4;4;4;2;2;2;2;3;4;4;3;2;4
10420408070;4;5;4;5;5;4;4;4;2;4;4;4;3;3;4;3;4;4;5;4;4;2;4;2;4;4
10420395353;4;3;3;3;3;3;3;1;3;3;3;2;4;3;3;3;4;4;3;3;2;3;4;2;4;4
10420390276;4;4;5;5;5;5;4;3;3;4;4;3;5;2;5;4;4;4;4;3;3;2;5;3;3;5
10420388101;4;4;4;3;3;3;5;3;4;3;4;4;4;4;4;4;4;4;4;4;4;4;5;4;4;4
10420374547;3;3;4;4;4;4;4;3;3;4;4;4;3;4;4;2;4;4;4;4;4;4;4;4;3;4
10420353466;4;4;5;5;4;4;4;2;3;4;5;5;4;4;5;4;4;4;3;4;4;3;4;4;5;4
10420344979;2;3;4;4;2;5;4;2;3;3;4;3;4;3;4;2;2;2;3;2;3;3;2;2;4;5
10420343577;5;5;5;5;5;5;5;4;5;5;5;4;4;5;5;5;5;5;5;4;2;4;5;4;3;5
10420341497;1;4;5;2;2;1;3;4;4;3;4;2;2;1;4;2;5;5;5;5;5;5;4;5;3;2
10420340685;4;3;3;4;3;3;4;3;3;3;2;1;1;2;3;3;3;3;3;3;3;3;3;2;2;3
10420326299;4;4;5;2;3;2;5;2;3;3;5;5;3;3;3;2;3;4;4;3;4;4;4;5;3;4
10420324375;4;3;4;2;3;4;4;3;3;3;4;2;5;3;4;3;4;3;4;5;5;4;4;2;4;4
10420321925;4;NA;4;4;4;4;3;4;4;4;4;4;4;4;5;4;4;4;4;4;3;4;4;4;4;4
10420318200;5;4;3;4;4;4;4;4;4;3;4;5;4;3;5;3;4;4;3;3;3;3;5;4;5;4
10420317136;4;4;5;5;3;5;5;4;5;5;5;4;5;5;5;3;5;5;5;4;4;4;4;3;3;4
10420311869;4;4;3;4;3;5;3;2;2;3;2;3;3;2;4;4;4;4;4;4;5;4;5;3;3;4
10420304841;4;3;4;5;3;2;3;3;4;3;3;4;4;4;3;3;3;2;3;4;3;3;4;4;3;3
10420304296;5;4;5;4;4;4;3;4;4;4;5;5;1;4;5;2;5;5;5;5;5;5;5;5;5;4
10420292249;5;5;5;5;5;5;5;2;4;5;5;4;5;5;3;2;5;5;5;5;5;5;5;3;3;5
10420289331;3;2;5;3;1;5;3;2;3;3;5;5;5;3;5;2;4;4;3;3;4;3;3;2;2;3
10420288878;3;4;5;3;3;3;4;3;3;4;4;4;4;3;4;3;3;3;4;NA;3;NA;3;4;3;4
10420287792;4;4;5;5;3;5;5;3;3;4;4;2;5;3;5;4;5;5;5;5;5;4;3;4;5;5
10420284773;3;4;5;5;1;1;4;2;2;4;4;5;4;3;5;4;4;4;4;4;5;5;4;3;2;5
10420280094;5;5;5;5;4;4;4;3;4;3;3;3;4;3;4;3;4;4;4;4;3;4;5;5;4;5
10420278495;4;5;4;3;3;5;4;3;4;4;4;3;4;4;4;4;4;4;4;4;4;4;4;4;4;5
10420273959;4;4;4;5;3;4;4;4;3;4;5;3;4;3;5;3;4;4;3;3;3;3;3;4;4;4
10420273930;2;1;4;2;3;4;3;3;4;2;2;2;3;3;2;2;2;2;2;3;2;3;5;4;3;3
10420247352;4;5;4;4;4;5;3;4;4;3;4;3;5;3;5;2;2;2;4;2;2;3;2;2;5;3
10420242384;4;4;4;4;3;3;2;1;4;2;3;4;5;4;4;3;5;5;2;3;5;2;3;4;3;3
10420234017;3;2;4;5;3;3;3;1;3;4;4;4;3;3;4;3;4;2;3;3;2;3;5;4;3;4
10420232674;4;4;3;4;4;4;4;4;4;4;4;4;4;4;4;3;4;4;4;4;3;4;4;4;4;4
10420232294;NA;4;3;4;4;5;5;2;4;4;4;3;5;4;5;4;4;4;4;4;4;4;4;4;4;4
10420232236;4;4;4;NA;3;4;5;2;4;5;5;5;5;5;5;4;4;4;4;4;4;4;4;3;3;4
10420229154;3;2;4;3;2;2;2;2;3;2;1;1;2;2;4;2;3;3;2;2;2;2;3;2;2;1
10420225342;4;4;4;4;3;4;5;4;4;3;5;4;3;3;5;3;4;4;4;4;4;4;4;4;4;4
10420224259;3;2;3;3;2;4;4;3;3;3;3;3;4;3;3;NA;4;3;2;3;3;2;5;3;3;3
10420216758;4;NA;5;4;3;4;4;3;4;4;4;3;4;3;4;3;4;4;4;4;4;4;4;4;4;4
10420215672;3;2;2;2;3;3;2;2;2;2;2;2;2;3;2;2;3;2;2;3;3;3;3;2;2;1
10420213369;4;2;3;3;3;4;4;3;5;4;4;3;4;4;4;2;4;4;4;3;3;2;5;4;3;3
10420213131;5;5;5;5;4;5;5;4;4;5;5;5;5;3;5;5;5;5;4;5;4;4;4;4;4;4
10420212381;3;3;5;4;3;5;4;3;3;3;2;2;4;2;5;3;3;3;3;2;4;2;5;5;5;4
10420208639;3;3;2;3;2;4;4;2;3;4;4;1;4;2;3;5;2;2;3;5;3;5;3;2;2;4
10420208058;4;4;4;5;4;5;4;2;3;4;5;4;4;4;4;5;4;4;5;4;4;4;4;4;4;4
10420208013;NA;5;5;5;4;4;5;4;5;5;5;5;5;5;5;4;5;4;5;4;5;4;5;5;5;5
10420207479;4;4;5;5;4;4;4;4;4;4;4;4;4;4;4;3;4;4;4;5;4;3;4;4;4;5
10420206323;4;4;4;2;3;4;4;3;2;3;4;2;3;2;4;3;4;4;4;5;4;5;4;3;3;3
10420205154;4;4;5;4;4;5;4;4;3;3;3;2;5;3;4;2;2;2;2;4;4;4;5;4;4;4
10420203860;4;4;5;5;4;5;4;3;4;4;4;3;4;3;5;4;4;4;4;4;3;4;4;4;4;5
10420201051;3;3;5;4;3;4;4;3;2;3;3;3;4;3;4;3;4;4;4;3;3;2;4;2;4;4
10420195397;4;2;4;3;3;4;4;3;4;4;2;3;4;2;4;4;4;4;3;4;2;3;3;2;4;4
10420192665;4;4;5;5;4;4;4;3;5;3;4;5;4;4;5;4;4;4;4;4;3;4;5;5;5;4
10420181218;3;4;2;3;4;4;4;4;4;2;4;2;4;3;5;3;3;3;4;5;3;5;5;2;5;5
10420181095;4;4;5;5;4;5;4;3;4;4;5;3;4;4;5;5;5;5;5;5;2;4;5;4;3;4
10420175883;3;3;5;5;3;5;4;3;3;3;3;2;4;1;4;4;4;4;3;4;3;3;5;5;3;3
10420175490;4;4;5;5;4;5;4;4;3;5;5;5;3;4;5;5;4;4;4;3;5;4;2;5;4;4
10420174580;4;5;5;5;4;4;4;4;4;4;4;5;4;4;4;3;4;4;4;5;4;4;5;5;4;4
10420173065;4;4;5;5;3;3;3;3;3;3;3;2;4;3;5;3;3;3;2;4;3;3;5;5;4;4
10420170331;4;4;5;4;2;4;1;1;3;5;4;3;4;4;4;2;4;3;4;4;3;4;5;2;4;4
10420169538;4;3;5;2;3;3;2;3;4;3;2;3;4;3;4;2;2;2;2;3;2;4;4;4;4;4
10420163067;2;3;5;5;2;5;4;3;4;3;3;2;4;2;5;2;4;4;2;4;3;5;5;4;2;4
10420162393;3;3;4;4;3;3;3;3;3;3;3;3;3;3;5;4;3;4;4;4;4;4;4;4;4;4
10420162146;4;4;2;5;3;3;3;2;3;3;4;3;4;3;4;2;2;4;2;4;3;2;5;2;5;2
10420158787;4;4;4;5;4;4;3;3;3;4;3;3;4;3;5;4;4;4;4;4;5;3;5;4;4;4
10420151404;4;4;5;5;4;5;4;3;5;4;5;5;5;4;5;5;5;5;5;5;5;4;5;5;5;4
10420151270;2;3;3;4;2;4;4;1;2;3;4;3;3;2;4;3;4;4;4;4;2;4;3;3;2;1
10420151140;4;4;5;4;4;4;5;4;4;5;5;5;5;5;5;5;5;5;4;4;4;4;4;5;5;5
10420147005;4;4;5;5;3;4;4;2;4;4;4;3;4;3;5;4;4;4;4;4;4;4;4;4;4;4
10420146451;4;4;4;4;4;4;4;3;3;4;4;4;4;4;5;5;5;5;4;4;4;4;4;4;4;4
10420144900;4;4;4;4;3;4;4;4;3;4;4;3;4;3;4;3;4;4;4;4;4;4;4;3;4;5
10420141732;4;4;4;5;2;3;4;2;3;3;4;2;4;2;5;3;4;4;4;3;2;3;4;3;4;4
10420141154;5;4;5;4;3;4;4;5;5;3;2;5;5;5;4;3;4;4;4;3;3;3;5;5;5;4
10420141134;4;4;4;4;4;5;4;4;4;4;5;5;4;5;5;5;5;5;5;5;5;5;5;5;5;5
10420139883;4;4;5;5;4;5;4;4;4;5;5;2;4;4;5;4;4;5;4;4;4;4;4;4;4;4
10420137066;4;4;4;4;4;5;4;4;3;4;4;5;5;3;5;3;4;4;3;2;4;4;5;4;5;4
10420136404;5;4;4;4;4;4;4;4;4;4;4;4;4;4;5;5;4;4;4;4;4;4;4;4;4;5
10420130585;3;4;4;3;3;3;4;2;2;4;4;3;3;3;3;3;4;3;4;NA;NA;4;3;3;2;4
10420130298;2;2;4;2;1;2;3;2;3;3;3;2;3;1;4;2;3;2;2;4;2;3;4;2;3;4
10420128488;3;3;3;3;3;4;3;4;3;3;3;2;3;2;4;4;3;3;3;3;4;2;5;2;4;3
10420128406;1;4;4;4;3;2;4;1;4;4;5;3;4;3;5;5;4;4;4;2;4;4;4;5;2;4
10420120006;5;4;2;3;4;4;3;3;5;3;5;3;4;4;3;2;2;2;4;4;2;4;5;2;3;3
10420117939;3;3;4;4;3;4;4;2;5;4;5;2;2;1;4;4;4;4;4;3;3;2;4;3;4;5
10420115812;4;4;2;3;4;NA;NA;NA;4;5;5;3;4;2;4;5;5;5;5;5;5;5;5;5;5;5
10420113694;5;5;5;5;3;4;4;3;4;4;4;4;4;3;5;4;4;4;4;4;4;4;4;4;4;5
10420108760;4;5;5;4;4;4;4;3;5;5;5;5;5;5;5;3;5;5;5;5;5;4;4;4;4;4
10420108206;4;4;4;4;4;4;4;4;4;4;4;3;3;3;4;4;4;4;4;4;4;4;4;4;4;4
10420105068;4;3;5;5;4;4;4;4;4;3;3;5;3;2;5;3;4;4;4;2;2;2;4;4;4;4
10420104596;4;4;3;4;3;4;2;2;4;4;2;3;4;2;5;4;5;5;5;3;4;2;2;5;5;4
10420104526;4;3;3;2;4;5;5;4;5;3;3;4;4;NA;5;5;4;4;5;4;4;4;5;5;5;4
10420104313;3;4;5;5;4;4;4;4;4;4;5;3;4;4;5;4;4;4;4;4;3;4;3;4;4;5
10420097137;2;1;2;2;1;2;3;1;2;2;3;2;4;2;5;3;2;2;3;4;4;4;3;4;3;4
10420095529;3;3;3;2;3;3;4;2;3;3;4;2;5;2;5;3;5;5;3;3;2;3;2;3;5;5
10420094665;4;4;3;5;3;5;5;5;5;3;4;3;4;4;5;2;4;5;4;4;2;4;5;3;3;4
10420092771;4;4;5;5;3;4;4;3;4;4;4;3;3;4;5;4;4;4;4;5;5;5;5;5;5;4
10420092378;4;3;5;5;3;4;3;3;4;3;2;4;2;2;4;4;5;5;4;3;4;4;4;2;3;4
10420090485;3;2;3;3;2;3;3;1;4;3;2;2;2;1;3;2;3;3;3;2;3;2;2;2;2;2
10420090200;4;4;3;4;4;5;4;4;3;3;4;4;4;4;4;4;3;4;4;5;4;4;5;4;2;4
10420089480;2;1;2;2;2;2;2;2;3;2;2;5;4;5;4;4;2;2;2;5;5;2;5;5;5;2
10420087054;4;4;5;5;3;4;4;2;4;3;3;3;5;4;5;3;4;4;4;4;5;5;4;4;3;3
10420084328;4;3;5;5;4;3;3;3;4;5;3;3;3;4;5;3;4;3;4;3;4;4;5;4;3;5
10420082231;4;4;5;5;5;5;5;4;3;5;5;4;4;5;5;5;5;5;5;4;2;5;4;3;4;5
10420079026;5;5;5;5;3;3;4;4;4;4;5;5;4;4;5;4;3;3;3;3;2;3;4;4;5;5
10420076168;2;4;4;4;2;4;3;2;3;2;4;2;2;2;4;2;2;2;2;3;3;3;3;2;4;3
10420076011;5;4;4;4;3;4;5;4;5;5;5;5;4;5;5;3;5;5;5;4;4;3;5;5;5;5
10420075707;3;3;5;5;3;4;4;3;2;3;3;2;2;2;4;3;4;3;3;3;4;2;2;2;2;4
10420075650;3;4;4;5;3;3;3;2;3;3;4;3;3;3;4;4;4;4;4;4;4;4;4;4;4;4
10420073810;5;5;5;5;4;5;3;4;5;5;5;4;5;4;5;5;5;5;5;4;4;4;5;5;4;5
10420073785;4;5;3;4;4;5;4;4;4;5;5;5;4;4;5;5;5;5;4;5;3;4;5;4;5;4
10420072703;2;4;5;5;3;3;3;2;4;3;4;3;4;3;5;4;4;4;2;4;3;3;4;3;3;4
10420069934;5;4;4;4;NA;4;4;3;2;4;4;4;4;4;5;4;4;4;4;4;3;3;5;5;5;4
10420069546;4;3;5;5;4;3;4;4;4;4;4;4;4;4;5;4;4;4;3;3;3;4;5;4;4;4
10420069463;5;5;5;5;4;5;4;5;5;5;5;4;4;4;4;5;5;5;5;5;5;4;5;5;5;4
10420068757;2;3;3;3;2;2;2;1;4;3;3;4;5;3;4;5;4;4;3;4;3;3;2;4;4;2
10420068340;2;3;4;5;3;2;2;2;2;3;4;2;3;2;3;3;3;3;2;2;3;3;2;3;3;3
10420068304;4;4;4;4;4;5;4;4;4;4;4;4;4;5;5;5;4;4;4;4;4;4;4;4;4;4
10420067847;3;3;3;3;3;3;3;2;4;3;4;3;2;3;4;5;4;4;4;3;4;4;4;3;4;4
10420065379;4;5;5;5;4;4;5;2;4;5;5;5;4;4;5;5;5;5;4;4;5;5;5;3;2;4
10420065302;4;2;4;5;4;4;4;4;4;4;3;3;4;3;4;4;4;5;4;4;4;3;3;2;5;3
10420063676;4;3;4;5;3;5;4;4;4;4;4;4;4;4;5;5;4;4;4;4;4;4;5;4;4;5
10420063150;4;3;4;4;3;5;4;3;4;4;5;2;4;4;5;3;4;4;4;4;3;3;4;4;4;4
10420063123;3;5;5;2;4;4;4;4;4;4;5;1;3;3;4;4;4;2;NA;3;2;3;5;3;5;5
10420062937;3;4;4;5;3;2;4;4;4;3;4;5;5;5;5;3;4;4;3;3;3;3;3;3;5;4
10420062869;4;5;5;5;3;2;4;4;4;2;3;3;5;3;5;2;5;4;3;5;2;4;5;5;5;3
10420062587;4;4;3;4;4;4;4;3;4;4;5;3;4;4;4;3;4;4;4;4;4;4;4;4;4;4
10420062488;4;4;5;4;4;5;4;NA;3;4;5;4;3;4;5;4;4;4;4;3;4;3;4;4;4;4
10420062369;4;3;5;4;4;5;3;2;4;4;3;3;4;4;3;2;4;4;4;3;4;3;3;3;2;3
10420062302;4;5;5;5;4;5;4;4;4;4;5;4;5;4;5;5;4;4;4;4;4;4;4;4;3;5
10420062235;3;2;5;3;2;3;3;3;3;3;4;3;5;3;4;4;3;2;2;2;2;2;4;3;5;3
10420062108;4;4;5;4;4;5;2;1;2;5;4;3;4;4;5;3;4;2;3;4;5;4;4;4;2;5
10420061594;4;4;5;4;3;2;3;2;2;4;3;3;3;4;4;4;4;2;4;4;4;3;2;2;4;4
10420061164;4;4;5;5;4;5;3;2;2;4;5;5;5;5;5;4;4;4;5;5;4;4;5;5;4;5
10420060808;5;4;4;5;5;5;4;3;4;5;4;4;5;3;5;4;5;5;5;5;4;5;4;4;4;4
10420060800;4;3;2;2;4;4;4;3;3;3;3;4;4;4;4;3;4;3;3;3;4;2;2;4;4;5
10420060263;4;4;4;5;4;4;4;3;3;4;3;4;4;3;4;4;4;4;4;4;4;4;4;4;4;5
10420060189;3;3;2;3;2;2;3;4;3;2;3;2;3;2;2;4;2;2;3;2;2;2;5;3;5;4
10420058985;4;3;4;5;4;4;4;2;4;4;3;2;3;2;4;3;4;4;4;4;4;3;3;2;2;4
10420058898;4;4;5;5;3;2;3;4;3;3;4;5;5;4;4;3;4;4;4;4;3;3;4;5;5;4
10420058838;4;4;5;5;4;5;4;4;5;5;5;3;5;4;5;4;5;5;5;4;3;4;3;5;4;5
10420058751;5;5;5;5;4;4;4;3;5;4;5;5;5;5;5;5;4;4;4;5;5;5;5;5;5;5
10420058558;4;4;4;4;3;4;2;3;2;3;4;4;4;3;5;2;4;3;3;3;4;4;2;3;3;4
10420058554;4;3;3;4;3;4;3;3;3;3;3;1;2;3;4;2;2;5;5;3;2;2;5;3;3;1
10420058003;3;3;4;4;3;4;4;4;3;3;4;3;4;3;4;2;3;3;3;3;3;3;3;3;3;4
10420057322;4;4;4;5;3;5;4;2;3;4;3;3;4;3;5;4;4;4;5;4;4;3;2;3;4;4
10420056762;4;4;5;3;4;4;5;4;4;5;5;3;4;4;5;4;5;5;5;3;4;3;4;3;4;4
10420055857;4;4;5;5;4;5;4;1;4;5;5;1;3;3;5;4;4;4;3;4;2;3;5;5;4;4
10420055789;5;4;5;5;4;5;4;2;5;4;5;4;4;4;5;4;4;4;5;5;4;5;5;5;5;5
10420054863;4;3;4;4;3;3;3;1;3;4;4;4;5;3;4;4;4;3;4;3;3;3;3;5;5;3
10420053271;4;4;4;4;4;5;4;4;4;4;5;3;4;4;5;5;5;4;3;4;4;4;4;4;4;5
10420053251;3;2;4;5;2;3;2;1;2;3;3;3;4;3;4;2;3;3;3;3;3;3;2;2;4;4
10420051352;2;1;4;4;3;2;3;2;3;2;2;1;2;2;2;2;2;2;2;3;3;3;4;3;3;2
10420050951;5;3;2;4;4;5;3;2;3;3;3;4;4;5;5;2;3;4;4;3;2;4;5;3;3;3
10420049647;3;4;2;5;3;3;3;3;4;3;5;3;4;3;5;2;3;3;2;3;2;3;4;2;3;3
10420048588;4;4;4;4;4;4;3;3;4;4;3;3;4;4;5;5;4;4;5;4;5;4;4;4;4;4
10419824882;5;5;5;5;4;4;4;4;4;3;4;4;4;4;5;4;4;4;4;4;4;4;4;4;5;4
10419197325;3;4;5;5;3;2;2;3;2;3;3;2;2;3;3;3;3;2;3;2;3;2;2;4;2;4
10417792690;4;3;2;5;NA;NA;3;2;4;4;4;3;4;4;5;4;4;4;3;5;2;4;4;4;5;3
10416851164;4;4;5;4;4;5;4;3;4;4;5;5;5;3;5;4;2;4;4;5;4;4;5;5;5;4
10416741098;3;2;4;4;3;2;3;1;3;3;5;3;4;4;3;2;3;3;2;2;3;3;2;5;2;1
10415572227;3;4;5;5;3;4;2;2;3;4;3;2;3;3;5;4;4;5;2;3;5;2;5;2;5;3
10415174266;4;5;2;1;5;5;4;4;5;5;5;3;5;2;4;5;4;4;5;5;5;4;5;4;4;4
10414344073;3;3;4;5;3;4;3;4;2;5;1;3;3;3;5;4;4;3;2;3;5;3;2;2;3;5
10414135174;2;2;3;2;3;4;3;3;3;3;3;3;3;2;3;2;2;2;2;3;3;3;2;2;2;3
10413037490;4;4;5;5;2;3;1;2;3;3;4;3;3;3;4;2;3;4;3;3;2;3;2;3;4;2
10413034438;4;4;5;5;4;4;3;4;4;3;4;3;3;3;5;5;5;4;5;5;3;4;5;3;5;5
10412901278;5;4;3;4;4;4;3;4;4;3;3;4;4;3;4;4;4;3;3;4;4;4;5;5;5;4
10412119238;5;4;3;4;4;4;3;4;4;3;4;4;4;3;4;2;4;3;4;4;5;4;5;4;5;4
10411144520;4;4;5;5;4;5;4;3;3;4;5;4;3;3;5;4;4;5;4;4;4;5;5;3;4;4
10411055071;2;2;5;4;4;5;3;3;4;4;3;3;4;3;4;2;4;4;4;3;3;4;5;5;4;4
10410916444;4;4;4;4;4;4;5;2;4;4;3;4;4;3;5;3;4;5;4;4;5;4;5;2;2;4
10410724157;5;5;5;5;4;5;4;5;4;4;5;3;4;5;5;4;5;5;5;5;5;5;5;4;2;4
10410156139;1;3;5;4;5;5;5;3;5;5;5;2;3;3;5;4;4;5;5;3;5;3;2;2;4;3
10409537475;5;4;4;5;4;4;4;4;4;4;5;4;4;4;5;4;4;4;4;3;4;3;5;4;5;4
10409272102;4;4;5;4;4;5;3;3;4;3;4;4;4;4;4;4;3;3;4;3;4;3;4;5;5;4
10409269944;4;4;5;5;4;5;4;4;4;4;4;3;4;4;5;4;4;4;4;4;4;4;4;4;4;5
10409130599;3;3;3;4;4;NA;3;3;4;3;3;3;3;3;4;2;3;3;3;3;2;3;2;3;3;4
10409096835;4;4;4;4;3;3;3;3;4;4;4;4;4;4;4;3;4;4;4;4;2;3;5;4;4;4
10408851660;3;2;2;2;2;3;3;2;3;3;2;2;4;2;3;3;4;4;4;4;5;4;4;4;3;3
10408716960;2;2;2;2;2;2;2;2;2;2;2;2;2;2;2;NA;2;2;2;2;2;2;4;4;4;4
10408632355;4;2;5;5;4;5;3;4;4;3;4;2;4;4;5;4;4;4;3;4;2;4;4;3;3;5
10408158468;4;4;3;4;3;4;4;3;3;5;4;3;5;3;5;5;5;5;4;4;3;3;4;4;4;4
10407999421;4;4;4;5;3;4;4;4;4;4;5;5;4;4;5;4;4;4;4;4;4;4;5;4;4;5
10407400754;5;5;5;5;4;4;4;3;4;5;5;5;5;4;5;4;5;5;5;5;4;4;5;4;5;5
10407201435;4;4;5;5;3;5;4;2;4;4;4;4;4;4;5;3;2;3;4;3;3;3;5;4;5;5
10407161728;4;4;5;4;4;4;4;4;3;4;4;5;4;4;5;4;4;4;4;4;3;4;5;5;4;4
10407102696;1;3;5;3;2;3;3;4;3;2;2;5;4;1;3;3;2;2;2;3;5;3;5;3;5;4
10406923930;5;5;5;5;4;3;5;3;4;5;3;5;5;4;5;3;5;5;4;4;4;4;3;4;4;5
10406921557;3;2;3;3;2;3;3;2;2;3;4;4;4;4;3;5;2;2;3;2;2;2;4;2;3;4
10406829376;5;4;4;4;4;5;4;4;4;5;4;4;4;4;5;4;4;4;5;4;4;4;4;4;4;4
10406829327;3;3;2;2;3;3;3;4;5;NA;2;3;3;3;4;NA;4;2;3;4;2;3;4;4;4;4
10406527343;4;4;3;2;3;4;4;3;2;3;3;4;3;4;4;2;3;4;4;2;2;2;2;4;4;3
10406498563;4;4;5;3;5;5;4;3;3;5;5;5;5;4;5;5;5;5;5;4;5;4;4;4;4;5
10406454481;4;3;3;3;3;3;3;2;3;3;3;3;3;3;4;2;3;3;2;2;2;2;4;4;4;2
10406440817;5;4;5;5;3;4;3;4;4;3;3;3;3;2;5;4;3;2;3;4;2;3;5;4;4;5
10406368103;4;4;4;5;3;4;4;3;3;4;5;2;3;2;2;4;4;4;5;4;4;5;4;4;3;5
10406367455;5;5;4;4;4;4;4;5;4;4;4;4;5;4;5;4;4;4;4;2;5;3;4;4;4;5
10406270522;4;4;4;3;3;5;4;3;4;4;4;3;4;3;5;4;4;5;5;4;3;5;5;4;4;5
10406217746;3;4;4;4;2;5;2;3;2;3;5;2;3;2;4;3;3;3;4;3;3;3;3;3;3;5
10406174126;4;4;5;4;2;2;3;3;3;4;3;4;4;2;5;3;4;4;3;2;4;2;2;3;2;4
10406111215;4;5;5;5;3;4;4;3;4;4;5;5;5;3;5;4;5;5;5;4;3;3;4;4;4;5
10406100209;5;4;4;3;4;4;4;3;NA;3;5;4;4;4;4;4;4;4;4;4;4;3;5;5;5;4
10406075533;4;4;5;4;4;4;4;1;3;5;3;5;4;4;4;4;5;5;5;3;5;5;5;2;3;5
10406012112;4;4;4;5;4;5;4;2;3;3;4;4;4;4;5;2;3;3;4;3;4;4;4;4;4;3
10405923521;4;4;5;5;4;5;4;3;4;5;5;3;4;3;5;4;4;5;5;5;4;4;4;5;4;5
10404832950;5;4;5;5;4;5;4;3;5;5;5;5;5;5;5;5;5;5;5;4;4;4;5;3;4;5
10404746509;3;3;4;4;2;2;2;2;2;2;4;3;3;3;5;2;2;2;2;3;3;4;4;4;3;3
10404739720;3;4;5;5;3;4;5;3;4;4;4;5;4;4;5;3;4;5;4;4;5;3;4;4;4;4
10404725994;3;4;5;2;2;3;2;1;4;3;4;3;4;4;5;4;2;2;3;4;5;4;5;4;5;3
10404690547;4;3;4;4;3;3;3;3;3;3;3;2;4;3;3;2;3;3;3;2;2;3;3;2;4;4
10404625693;4;3;3;3;3;5;3;3;3;3;2;4;4;4;4;4;4;3;4;4;3;4;3;4;2;4
10404623494;4;4;5;4;4;5;4;4;3;4;5;4;4;4;4;5;5;5;5;3;4;4;3;3;3;5
10404468243;2;2;4;3;3;4;3;1;2;3;3;3;3;3;4;4;3;3;3;3;3;3;3;3;3;4
10404403533;5;4;5;4;4;5;4;1;4;4;5;4;5;5;5;4;5;5;5;5;4;5;5;5;5;4
10404141681;4;4;4;5;3;4;4;2;3;4;5;5;4;4;5;4;4;4;4;3;4;3;4;3;4;4
10404040789;2;2;3;2;2;3;3;2;3;3;3;1;3;2;4;3;2;2;3;4;2;3;4;2;3;4
10404031592;3;4;5;5;4;4;4;4;3;3;4;3;5;3;5;4;3;3;3;4;5;5;4;4;4;4
10403900049;3;3;4;3;2;3;4;2;3;4;4;3;4;2;5;4;4;4;4;3;4;3;2;4;4;4
10403881584;4;4;4;4;3;4;3;2;3;3;4;3;4;2;4;4;3;4;4;4;2;2;4;2;2;4
10403871263;4;5;4;5;2;3;4;3;3;3;2;5;5;3;5;4;4;4;4;4;3;3;4;4;5;4
10403681448;5;4;5;3;4;5;5;5;4;4;4;3;4;4;5;5;5;4;5;4;4;4;4;2;4;5
10403672741;5;5;5;5;4;5;4;5;4;5;5;5;5;5;5;4;5;4;5;4;5;4;5;5;5;4
10403655505;5;5;5;5;5;4;5;3;4;5;5;5;4;5;5;5;5;5;5;4;5;4;5;4;5;4
10403042746;4;5;5;5;4;5;3;3;4;4;5;5;4;3;3;2;5;4;4;5;4;5;3;4;2;4
10402618162;3;4;4;5;3;5;3;3;4;4;5;3;3;3;3;3;3;4;4;4;4;4;4;3;3;4
10402344039;4;3;3;3;2;4;4;4;3;3;3;2;3;3;5;4;3;4;4;3;2;2;4;3;3;4
10402252376;4;4;5;5;4;3;3;3;4;5;5;5;5;4;5;2;2;2;2;2;4;3;5;4;4;4
10402212218;4;4;4;5;4;5;3;3;3;4;4;4;4;3;5;4;4;4;5;4;4;4;4;4;5;5
10402159630;2;3;2;3;2;4;3;2;4;3;4;1;2;2;3;2;3;4;3;3;2;4;2;2;2;3
10402084969;4;5;5;5;4;5;3;2;2;3;5;5;5;4;5;2;5;2;5;4;2;5;5;5;5;4
10401939368;3;3;4;5;2;4;4;2;4;3;3;3;3;3;4;4;4;5;3;3;4;3;4;3;4;4
10401927079;4;5;5;5;3;4;4;4;4;4;4;3;5;3;5;5;4;4;4;3;5;3;3;2;4;4
10401780360;4;3;4;3;5;5;5;4;3;4;4;3;4;4;4;4;5;5;5;5;5;5;5;5;5;4
10401585230;3;5;5;5;3;3;3;2;2;4;4;2;2;3;4;2;3;2;3;3;5;2;4;3;5;4
10401489844;3;4;5;5;2;4;4;3;4;3;4;3;4;4;5;3;4;3;4;4;3;3;4;4;4;5
10401421565;4;3;5;4;3;5;4;3;3;5;5;4;4;3;5;3;4;4;4;3;4;3;4;3;4;5
10401359591;3;2;5;5;3;5;3;4;3;4;5;4;4;2;5;2;4;4;4;3;3;3;2;2;4;5
10401355959;4;4;4;5;3;5;4;4;3;4;4;3;4;4;5;4;4;4;4;4;4;4;3;4;4;4
10401290632;5;5;5;4;4;4;4;4;5;4;4;4;5;4;5;2;5;4;4;4;3;4;5;5;5;4
10401281252;4;2;3;2;3;4;4;3;4;3;5;3;4;2;3;3;2;2;3;4;2;4;5;4;4;4
10401250981;5;4;3;4;4;5;3;2;4;4;3;4;5;5;5;4;5;5;4;4;5;3;4;4;3;3
10401225650;5;5;4;5;4;4;4;2;4;4;4;4;4;4;5;3;4;4;4;4;4;4;4;4;4;4
10401218733;3;4;5;5;3;4;4;5;5;4;2;4;5;4;5;2;2;3;2;5;5;4;5;5;5;2
10401179863;4;1;2;2;3;3;4;2;3;2;3;4;4;5;2;5;2;2;3;3;2;4;4;4;5;2
10401116539;4;4;5;4;3;5;4;3;4;4;5;3;4;4;4;4;4;4;4;4;4;2;4;4;5;4
10401110315;5;4;5;4;4;4;4;3;4;4;4;3;4;5;5;4;4;5;5;3;5;4;5;5;5;5
10401058463;4;4;5;4;3;4;5;3;4;3;5;4;4;2;5;3;4;5;5;4;3;5;3;4;3;4
10401031433;4;4;5;5;4;4;4;4;3;4;5;3;4;4;5;4;4;4;4;3;4;3;4;2;4;4
10400900552;5;4;5;5;4;5;4;4;5;5;5;5;5;5;5;4;5;5;5;5;5;5;5;4;5;5
10400898421;3;3;4;5;3;4;3;3;3;3;4;2;4;2;4;3;3;3;3;3;2;2;3;2;2;4
10400869941;5;4;4;4;3;4;4;2;3;3;3;3;4;3;4;4;4;4;4;4;4;4;4;4;4;4
10400868617;4;4;4;4;4;4;4;4;4;4;4;4;4;3;5;4;4;4;4;4;5;4;4;3;4;4
10400846263;2;1;3;5;2;3;2;2;1;2;1;1;2;1;3;2;2;2;2;2;2;4;5;3;4;2
10400817893;5;5;5;5;3;4;3;3;4;2;4;3;4;2;5;2;3;4;4;4;4;4;4;4;4;4
10400773620;4;5;5;5;3;4;5;4;3;4;4;4;4;4;5;4;5;4;4;3;4;3;3;4;4;4
10400366777;3;3;4;4;3;3;3;2;2;3;3;2;2;3;3;3;2;2;2;2;2;4;4;2;2;3
10400227481;4;4;4;5;3;4;3;2;4;5;4;4;2;3;5;4;3;5;4;3;4;4;5;2;2;4
10400092187;5;5;5;5;4;4;4;4;5;4;5;5;5;4;5;2;5;5;4;2;2;2;5;5;5;4
10400030027;4;3;5;5;4;4;3;3;4;3;5;5;5;4;4;5;3;2;3;2;4;5;3;4;4;4
10400024846;4;4;4;4;4;4;5;4;5;4;4;4;4;4;4;5;4;4;4;4;4;4;4;4;4;5
10399979426;4;3;5;4;4;5;2;4;3;3;4;3;4;5;5;4;3;3;3;4;4;4;3;5;4;4
10399972259;4;4;4;4;4;4;4;3;4;4;4;4;4;4;4;3;4;4;4;4;3;3;4;4;4;5
10399960697;4;4;5;5;2;4;5;2;3;4;5;2;3;3;4;2;4;4;5;4;2;3;2;4;3;3
10399902883;4;4;4;4;4;5;4;3;4;4;4;4;4;4;5;4;4;4;4;4;4;4;4;4;4;5
10399813026;1;2;3;2;2;2;3;3;4;2;2;1;3;1;4;2;2;2;2;5;5;5;4;5;3;2
10399790341;4;5;5;5;4;5;5;3;3;5;5;4;4;3;5;5;5;5;5;4;4;4;3;5;5;5
10399625569;5;4;5;3;3;3;4;3;5;3;2;3;4;3;5;4;4;3;4;4;3;4;5;4;3;3
10399618832;NA;4;5;3;4;4;5;4;4;5;5;4;5;2;5;5;5;5;5;4;2;5;5;3;5;5
10399593654;4;4;4;3;3;4;3;3;3;3;2;3;4;4;4;4;3;3;3;4;3;4;4;4;4;4
10399576257;4;4;4;4;3;4;4;3;2;4;5;3;4;3;5;4;4;4;4;3;3;3;4;4;2;5
10399478917;3;3;3;2;2;3;3;2;2;3;2;2;3;3;4;3;3;4;3;4;4;3;4;2;2;4
10399428816;5;4;4;5;4;4;4;4;4;5;5;5;4;4;5;5;5;5;4;5;4;5;4;4;5;4
10399345723;1;NA;3;4;2;3;3;2;3;3;3;3;5;2;5;3;3;2;4;3;5;4;4;4;5;5
10399342257;4;4;5;5;4;4;4;2;4;4;5;4;4;3;4;4;4;4;4;4;3;4;4;3;3;5
10399327217;3;3;3;2;4;4;5;3;3;3;3;3;5;4;4;3;3;2;3;3;5;4;4;3;4;4
10399280552;3;3;5;4;3;3;3;3;4;3;4;3;4;3;4;3;3;2;2;3;2;2;3;4;3;4
10399162281;5;5;5;5;4;4;4;3;3;5;5;5;4;4;5;5;5;5;5;4;5;4;4;3;4;5
10399121210;5;2;2;4;4;5;4;3;4;2;2;4;4;4;4;5;2;2;2;4;2;3;4;4;4;4
10399078364;5;4;5;5;4;5;4;3;5;5;5;5;4;5;5;5;5;5;4;4;4;4;5;4;4;4
10399054815;4;4;3;2;4;5;4;4;4;3;4;5;4;4;5;2;4;4;5;4;2;4;5;4;5;4
10399048839;4;5;5;5;4;4;4;4;4;4;3;4;4;3;5;4;4;4;4;4;3;4;3;3;4;4
10399019116;3;3;4;5;3;5;4;3;3;3;4;4;4;3;5;3;4;4;3;3;2;3;3;3;4;4
10398996590;5;2;4;3;2;3;3;2;3;3;3;3;3;2;5;2;3;3;4;3;3;4;4;4;4;3
10398985941;4;4;3;3;3;3;2;2;3;3;4;3;3;2;5;2;2;3;3;3;2;3;4;3;3;4
10398969333;5;5;5;5;4;5;4;4;4;4;5;5;3;4;5;4;4;4;4;4;3;3;5;5;5;4
10398939616;5;4;4;4;4;5;5;3;4;5;4;5;5;3;5;5;5;5;5;4;4;4;5;5;5;5
10398907492;4;4;2;3;3;4;3;3;3;3;3;5;5;3;4;3;4;4;4;4;3;4;4;4;3;4
10398814455;4;4;4;5;4;4;4;3;4;4;4;5;4;4;5;4;4;4;4;4;4;4;4;4;4;5
10398802635;4;4;4;4;4;4;4;3;2;4;4;2;3;3;5;4;4;4;4;4;4;4;3;3;4;4
10398751074;4;3;5;4;2;5;4;3;2;4;4;3;4;3;5;2;4;4;4;4;4;4;3;4;4;4
10398739736;4;4;5;3;3;5;5;2;4;5;5;2;5;3;5;5;5;5;5;5;5;5;5;2;5;5
10398735723;4;4;5;2;3;3;2;4;4;3;4;4;4;4;4;3;4;4;4;4;3;4;4;4;4;4
10398728247;4;4;5;3;4;4;4;4;4;3;4;3;4;4;5;4;4;4;5;4;4;4;5;3;4;4
10398717840;4;3;4;5;3;4;3;2;2;1;3;4;4;2;5;2;2;2;4;3;3;3;3;2;2;3
10398671220;4;3;5;4;3;5;4;3;5;3;4;3;4;3;5;4;4;4;4;3;5;4;4;4;4;4
10398654712;1;1;1;1;1;1;3;1;1;1;1;1;2;1;1;2;2;2;2;2;2;2;2;2;2;1
10398624205;2;3;4;5;2;4;4;2;2;3;3;2;4;2;4;2;4;4;3;NA;3;3;2;2;2;4
10398615133;4;4;4;4;4;4;5;4;4;5;5;3;5;4;3;4;4;4;4;5;5;3;4;4;3;4
10398614720;4;4;4;4;3;5;3;3;4;3;4;3;4;3;4;3;3;3;4;2;4;4;4;4;4;4
10398605071;4;3;4;3;3;4;4;3;2;4;5;3;4;4;5;3;4;4;4;4;5;4;3;3;4;4
10398585931;4;4;4;5;4;4;3;4;4;4;4;4;4;4;5;4;4;4;4;4;4;3;5;4;5;4
10398538108;5;4;5;5;4;4;4;3;4;5;4;5;4;4;5;4;4;4;4;4;5;4;4;4;4;4
10398535389;5;5;5;5;5;5;4;4;4;5;5;4;5;4;5;5;5;5;5;5;5;5;5;2;5;5
10398531476;4;4;5;4;4;5;4;4;4;5;5;5;4;4;5;2;4;4;4;4;4;4;4;5;5;5
10398489395;4;2;3;2;3;3;4;2;4;4;3;4;4;3;3;3;2;2;3;4;2;4;4;5;2;5
10398487297;3;3;5;4;3;4;4;4;3;3;4;5;4;3;5;2;4;4;3;4;2;4;4;4;4;4
10398484384;2;3;4;5;3;2;2;2;1;2;4;3;2;3;2;2;2;2;2;3;5;3;4;3;3;2
10398449441;4;4;5;4;5;5;4;3;4;5;5;3;5;4;5;5;5;5;5;4;4;4;5;4;5;5
10398424606;4;4;4;4;4;5;3;3;4;3;3;3;4;3;4;3;4;3;3;3;3;3;3;4;4;3
10398409633;3;4;5;5;3;4;4;3;4;3;5;3;5;2;4;3;4;4;4;4;4;4;4;3;4;5
10398369977;5;4;5;1;4;4;4;4;4;5;5;4;4;4;5;5;5;5;5;5;5;5;5;5;5;5
10398332952;4;4;5;5;4;4;4;4;4;4;4;2;3;3;5;NA;4;3;4;4;4;3;3;3;2;4
10398328999;3;3;1;3;3;4;3;1;4;2;4;4;4;4;4;2;2;2;3;3;3;3;4;2;2;4
10398323879;5;4;4;3;4;4;4;1;4;4;4;4;3;3;5;4;4;4;4;5;4;3;5;4;5;5
10398279446;4;4;5;5;4;4;4;2;3;4;4;4;4;4;5;4;4;4;4;4;2;4;4;4;4;5
10398268518;3;3;4;2;2;2;2;2;3;2;3;1;2;1;3;3;3;3;3;3;3;5;3;5;5;3
10398258446;4;3;4;3;4;3;4;3;2;3;4;2;3;3;5;3;3;3;4;4;4;4;3;4;3;3
10398231058;4;4;4;3;4;4;3;2;3;4;4;3;4;4;4;4;4;4;5;4;3;4;4;4;4;4
10398229669;3;4;4;5;3;3;3;3;4;3;4;3;4;3;5;3;3;3;3;2;3;2;4;5;3;2
10398223534;4;5;5;5;3;5;3;3;4;3;5;4;5;3;5;5;5;5;5;4;4;4;2;5;4;5
10398223450;4;4;5;5;3;4;4;4;3;3;4;4;4;4;4;4;4;4;4;2;2;4;4;4;4;3
10398199584;5;NA;4;5;4;4;3;4;4;5;5;5;4;4;4;4;3;3;4;4;4;4;5;3;4;4
10398194124;4;5;5;4;3;5;3;3;4;5;5;5;5;NA;5;5;2;2;3;2;2;2;2;2;2;3
10398185479;5;5;5;5;4;5;5;3;4;4;4;4;5;4;5;4;4;5;4;4;4;4;5;5;5;4
10398178906;3;4;5;4;2;5;4;4;4;5;5;3;3;2;5;4;5;5;5;4;4;4;4;4;4;5
10398152430;3;3;4;4;2;3;4;3;3;3;3;4;4;3;4;3;2;2;3;4;2;4;4;3;4;4
10398138416;1;2;5;2;2;1;2;1;2;3;NA;4;4;4;5;5;2;2;2;4;3;5;2;4;5;3
10398138239;5;4;5;4;4;5;4;3;4;4;4;3;4;3;5;3;4;4;4;4;4;4;5;4;4;5
10398136592;5;5;5;5;3;5;3;2;5;5;5;4;5;3;5;3;4;4;4;4;4;4;5;4;5;5
10398133788;5;5;5;5;4;5;5;5;5;5;5;5;5;5;5;4;5;5;5;5;4;5;5;5;5;5
10398129389;4;4;4;4;4;5;4;3;5;5;5;5;5;4;5;4;4;3;4;5;4;3;5;4;2;5
10398120948;1;3;5;3;1;3;3;3;3;3;2;2;3;2;4;2;2;2;2;2;2;2;4;5;4;3
10398120527;4;5;5;5;3;2;3;2;4;3;3;4;4;4;4;4;4;5;4;2;2;2;4;5;4;4
10398120231;2;2;4;3;3;2;2;4;1;2;2;3;4;2;5;3;2;2;2;3;4;5;5;5;4;2
10398117563;4;4;5;5;4;4;4;3;3;4;5;4;4;4;5;4;4;4;4;4;4;4;4;4;3;5
10398113657;5;4;5;4;NA;4;3;2;2;3;3;5;4;3;4;2;3;4;4;2;4;2;4;2;2;3
10398112019;4;5;5;5;3;4;4;3;4;3;5;4;4;2;4;4;4;4;5;3;3;3;4;4;4;3
10398099013;4;5;5;5;4;5;4;4;4;5;5;5;5;5;5;5;5;5;4;4;4;4;4;5;4;4
10398093401;4;3;2;2;4;5;4;2;3;5;5;5;5;4;3;3;4;4;5;3;4;4;4;5;5;5
10398073901;5;4;5;5;3;4;3;2;3;3;4;5;4;4;5;2;4;3;4;3;2;3;5;5;5;4
10398070551;4;4;5;4;4;4;4;3;4;4;4;3;4;3;4;4;4;4;4;4;4;4;NA;3;NA;4
10398065305;2;2;2;2;NA;2;2;1;3;2;2;2;3;2;4;2;2;5;2;2;5;5;3;5;2;1
10398052011;3;3;3;4;3;4;3;2;3;3;4;3;4;4;5;3;4;4;4;4;5;4;3;4;4;3
10398050634;3;2;3;3;3;4;3;1;4;2;2;1;3;2;3;5;2;2;2;2;4;3;3;5;2;4
10398047107;5;5;5;5;4;5;3;2;3;5;4;5;5;5;5;5;5;5;5;4;4;4;4;4;2;5
10398042984;4;3;2;4;4;4;4;3;4;4;4;4;4;3;5;3;4;5;4;4;2;4;3;5;4;4
10398037929;3;4;4;3;3;3;3;1;4;3;2;1;5;3;5;3;3;3;2;3;2;3;NA;3;3;4
10398037696;3;3;5;5;3;4;2;2;3;3;3;2;4;3;5;4;2;2;2;3;4;2;5;4;3;4
10398036302;4;4;4;4;3;5;4;2;4;3;4;5;4;3;4;4;3;5;5;2;4;5;3;4;4;5
10398033481;3;4;2;3;3;3;3;4;4;3;3;4;4;4;4;3;4;4;3;2;2;2;2;3;3;3
10398030546;2;3;4;3;2;3;4;3;2;3;3;3;4;2;4;2;2;3;3;2;2;2;3;3;3;3
10398025575;4;5;5;5;4;4;4;3;4;5;5;5;5;5;5;5;5;5;5;4;5;5;5;4;5;5
10398015635;3;2;3;4;3;3;2;2;4;4;2;3;3;3;4;4;3;3;3;4;3;3;3;3;3;3
10398012957;2;2;5;3;2;2;2;2;3;2;3;1;3;2;4;4;5;5;5;2;3;5;2;5;5;2
10398001477;4;4;5;4;3;4;5;3;4;4;5;5;5;3;4;3;4;5;5;4;4;4;5;4;4;5
10397997350;4;5;4;5;4;5;5;3;5;4;5;5;3;3;3;5;4;4;5;4;4;4;5;4;5;4
10397984145;4;2;5;3;4;4;4;4;4;3;2;4;5;4;5;2;2;3;3;3;3;3;4;5;5;4
10397970042;3;3;5;4;4;4;4;3;3;3;4;3;3;3;4;4;4;4;4;4;2;4;3;3;4;5
10397956922;4;3;4;5;3;3;4;3;5;3;4;5;5;4;4;3;4;3;4;3;2;2;5;5;5;4
10397950942;2;4;4;4;2;3;3;3;4;3;4;5;4;2;5;2;3;2;2;2;5;2;5;4;5;4
10397950139;5;5;4;5;3;4;4;4;4;5;4;4;4;4;5;4;4;4;4;4;3;4;4;4;4;4
10397945995;4;3;5;5;4;5;5;3;3;4;4;4;5;4;5;4;4;4;4;4;4;4;3;3;4;5
10397939560;4;4;4;5;3;4;3;3;3;3;4;3;4;3;5;3;4;4;4;3;4;3;2;4;4;4
10397934911;2;2;1;2;2;4;3;2;3;3;3;3;4;NA;3;5;3;3;4;3;3;3;4;4;4;4
10397900982;3;4;5;5;3;3;2;2;3;3;2;4;4;3;3;2;2;2;3;2;2;3;3;3;2;1
10397894163;4;4;3;5;3;2;3;3;2;4;3;4;4;3;4;4;4;4;3;3;2;3;4;3;2;4
10397884349;4;5;5;5;4;4;5;4;5;5;4;4;5;4;5;5;5;5;4;4;3;3;5;5;5;5
10397868835;3;4;4;4;3;2;3;2;4;3;4;4;4;4;5;3;3;2;3;3;2;3;5;5;2;4
10397865409;4;4;4;5;4;4;5;3;3;4;4;5;5;4;5;3;4;4;4;3;3;3;4;4;4;4
10397860534;4;3;4;2;3;5;2;4;3;4;3;1;4;3;3;4;5;5;3;3;2;2;4;5;2;5
10397858784;4;3;4;5;3;4;4;1;2;1;3;3;3;3;4;4;4;4;4;3;3;3;2;5;5;3
10397845338;4;4;4;4;4;4;5;4;4;4;4;4;5;5;5;5;5;4;4;4;4;4;4;4;4;4
10397823070;4;4;5;5;3;4;3;1;2;3;4;5;4;4;5;3;4;4;4;2;4;3;5;5;4;5
10397789376;4;3;4;4;2;4;4;2;3;3;4;2;3;2;4;4;4;4;4;4;3;4;4;2;4;4
10397763828;4;4;5;4;3;4;3;2;3;3;5;3;5;3;5;2;3;3;3;4;2;4;4;5;5;3
10397751573;4;4;5;5;3;4;4;4;4;4;4;4;4;3;4;4;4;4;4;4;4;4;3;3;4;5
10397730772;4;5;5;5;3;3;3;3;4;4;5;2;4;2;5;3;3;4;3;4;2;3;5;3;3;3
10397527643;4;4;5;4;4;4;3;2;3;3;5;3;3;3;4;4;4;4;4;4;4;4;5;4;4;5
10397434971;4;5;5;5;3;5;5;3;4;5;5;4;5;3;5;5;5;5;5;4;4;5;4;4;4;5
10397337489;5;5;5;5;4;5;3;3;4;5;5;5;4;5;5;4;5;5;5;5;4;4;4;4;4;4
10397314184;4;3;4;2;3;4;4;2;4;4;3;4;4;3;5;3;4;4;4;3;2;3;3;4;2;4
10397313294;4;5;5;5;3;5;5;4;4;3;5;3;4;4;5;4;4;4;4;4;4;3;4;3;4;5
10397308424;4;3;5;4;4;5;5;5;5;5;5;5;5;4;4;5;4;4;4;3;2;4;5;5;5;4
10397297702;5;4;5;5;4;4;3;4;5;4;4;4;4;4;4;4;3;3;3;4;3;4;4;4;4;4
10397242357;4;4;4;4;3;3;4;3;4;3;4;3;4;3;5;2;3;3;3;3;2;3;4;4;4;2
10397235409;4;4;4;5;4;4;4;3;1;4;4;4;4;3;2;4;4;2;3;4;4;4;2;4;2;4
10397212961;2;3;5;5;3;2;4;5;5;4;5;5;5;4;5;2;5;5;5;5;3;3;5;2;2;3
10397211405;2;4;5;5;3;2;3;3;3;3;2;2;5;3;5;2;2;5;2;2;2;2;2;4;4;4
10397200670;4;4;3;3;4;5;4;3;2;4;4;3;3;2;4;5;4;4;5;5;5;4;3;3;3;4
10397186845;5;4;3;4;4;4;4;3;5;4;4;5;5;5;5;4;4;4;4;4;3;4;5;4;5;4
10397155676;5;4;4;5;4;4;4;3;4;3;5;5;5;3;5;2;2;4;3;5;2;5;5;5;5;4
10397115973;3;2;2;3;4;4;3;3;3;3;3;4;3;4;4;3;3;2;3;3;3;3;4;4;5;4
10397112337;2;2;5;2;3;3;4;4;2;3;1;4;4;3;4;2;4;5;2;4;5;2;4;5;4;4
10397106480;4;4;4;4;4;4;3;4;4;5;3;4;4;4;5;3;3;2;3;4;3;4;4;4;4;5
10397094029;4;4;5;5;3;5;4;3;4;5;5;2;4;3;5;4;4;4;4;5;5;4;4;4;4;5
10397092386;4;4;5;5;4;4;3;2;2;4;4;5;5;4;5;4;4;4;4;5;4;4;2;5;2;4
10397092075;4;4;3;4;3;4;4;4;4;3;4;3;4;4;4;4;4;4;4;4;4;3;3;3;4;5
10397091189;4;3;4;4;4;4;3;3;4;3;5;4;4;2;4;4;4;4;4;4;2;4;4;4;4;5
10397080308;3;2;5;4;2;3;2;1;1;4;3;3;5;2;3;3;3;2;2;3;2;3;5;2;3;4
10397064782;4;4;5;4;4;5;4;3;4;5;5;4;4;4;5;4;4;4;4;5;4;4;5;4;4;5
10397061062;5;4;5;5;4;5;5;4;4;4;4;5;5;4;5;2;3;4;4;2;3;4;5;3;3;4
10397060308;4;2;2;2;4;5;5;2;4;4;5;3;4;4;2;4;4;5;4;4;4;4;4;4;5;3
10397048353;2;1;5;4;3;3;3;4;3;3;3;2;2;3;4;2;2;2;2;3;2;2;2;5;3;3
10397044595;5;5;5;5;4;4;4;4;4;5;5;5;5;4;5;3;4;4;5;4;5;3;5;4;5;5
10397044251;3;4;5;5;3;3;4;4;4;5;5;5;5;5;5;2;4;4;4;3;2;3;4;4;4;5
10397033495;4;2;2;3;NA;3;3;3;4;3;2;1;4;3;3;2;2;2;2;2;5;4;5;4;2;3
10396998668;4;3;4;4;3;4;4;4;4;3;4;4;3;4;4;3;4;4;4;3;4;3;3;3;4;4
10396997477;4;4;5;4;4;5;3;3;3;4;4;4;3;3;5;4;4;5;4;3;4;4;5;4;3;5
10396994454;2;5;4;5;1;3;3;2;3;3;3;1;3;2;5;2;2;2;2;2;3;5;4;3;5;2
10396984677;2;3;4;3;2;2;2;4;4;3;4;4;4;3;5;2;2;2;2;2;4;3;4;4;NA;4
10396983382;3;3;4;5;3;3;4;2;3;4;4;3;2;2;2;3;4;4;4;3;2;4;2;2;2;4
10396981573;4;4;5;5;4;3;4;3;4;3;4;4;3;4;5;4;4;3;4;4;2;4;5;3;5;4
10396981251;4;4;3;5;3;3;3;3;4;3;3;4;4;4;4;5;4;3;4;3;4;3;4;4;3;4
10396977895;4;5;5;5;3;5;5;3;4;5;5;3;4;2;5;5;5;5;5;4;3;3;4;4;4;5
10396977357;2;3;4;4;2;3;3;2;3;3;2;2;2;2;5;2;2;3;2;3;2;2;5;3;2;4
10396972575;4;4;NA;3;3;4;4;4;4;4;4;4;4;3;4;2;4;4;4;4;4;4;5;4;4;4
10396949352;4;4;3;3;4;5;5;4;4;4;4;5;4;3;4;4;4;5;5;4;4;4;5;5;5;4
10396941911;4;4;4;5;4;5;5;3;4;4;4;4;5;3;5;4;4;5;4;5;5;4;5;5;3;5
10396939398;4;2;2;1;2;4;4;3;3;3;4;4;4;3;2;2;5;5;5;4;5;4;4;4;4;4
10396925117;3;4;5;5;3;3;4;1;3;3;3;2;4;2;5;3;4;4;2;3;2;3;4;4;5;1
10396914319;4;4;4;4;3;4;4;3;4;3;3;5;5;4;4;5;3;4;3;3;2;4;4;4;5;4
10396911531;4;5;5;5;2;3;3;3;4;4;4;3;4;3;5;4;4;4;2;3;2;3;4;4;5;4
10396908816;4;4;5;5;2;5;2;3;4;3;3;3;4;3;5;4;4;4;4;3;5;3;4;2;3;3
10396891780;4;3;5;5;3;4;4;3;4;NA;4;5;5;4;4;4;4;4;4;4;4;3;4;4;4;4
10396884059;4;4;3;3;3;3;2;3;5;3;3;2;4;3;4;4;3;3;4;3;4;3;4;3;2;4
10396866903;5;4;5;4;4;3;4;3;4;3;2;5;5;5;5;2;2;2;2;3;5;5;5;3;4;3
10396863055;4;4;5;5;4;4;4;3;4;5;4;4;4;4;5;5;5;5;5;4;4;4;4;4;4;5
10396862359;4;3;4;4;3;4;4;3;3;3;3;4;4;3;4;2;4;4;4;3;3;3;5;5;5;4
10396852230;4;4;5;5;3;4;4;3;4;4;4;3;4;3;4;4;4;4;4;4;4;3;4;4;4;4
10396845283;5;5;5;5;4;4;5;5;4;5;5;5;5;3;5;3;5;5;5;4;4;3;5;4;4;4
10396843438;4;3;5;5;4;4;4;4;4;4;4;4;3;4;5;5;4;4;4;4;5;3;5;3;5;4
10396842952;4;3;5;5;4;5;5;5;5;5;5;5;5;5;5;4;5;5;5;4;4;5;5;5;5;5
10396837394;2;2;3;3;3;4;4;3;3;3;5;2;5;3;5;4;3;4;3;4;4;4;2;2;4;3
10396823936;4;4;4;4;3;3;4;4;4;4;5;2;3;4;4;4;4;4;4;4;3;3;4;3;3;4
10396820703;4;4;4;4;4;5;4;3;4;4;5;4;4;4;5;4;5;5;5;4;4;3;3;4;4;5
10396817088;4;4;4;5;2;2;3;2;3;2;3;4;4;3;5;2;2;2;2;2;2;2;3;4;4;1
10396816923;4;4;5;4;4;4;4;4;4;4;4;5;4;3;5;5;4;4;4;4;3;NA;4;4;4;5
10396813816;3;5;5;5;2;4;5;5;5;5;5;2;5;5;4;3;3;3;4;3;3;3;3;3;4;4
10396809304;4;4;3;4;3;4;4;4;4;3;3;4;5;3;5;4;4;4;4;3;2;3;3;3;3;4
10396808656;5;5;5;5;4;5;4;4;4;5;5;5;5;5;5;5;5;5;5;4;5;4;5;5;5;5
10396805368;4;4;4;4;4;5;4;3;3;3;4;3;4;2;4;4;4;4;4;4;3;3;5;4;2;5
10396793091;4;2;4;5;3;3;4;2;3;2;1;3;3;2;5;3;3;3;2;2;3;2;5;4;5;4
10396792661;2;4;4;5;2;4;4;3;5;3;4;4;4;3;5;4;3;3;3;2;5;2;5;4;5;2
10396778721;2;3;5;4;1;5;5;5;4;5;5;2;5;3;5;2;5;5;4;5;4;4;5;4;5;4
10396771895;3;2;2;3;2;1;2;3;4;2;1;1;3;2;3;2;2;2;5;5;5;5;5;4;4;1
10396770442;5;4;5;5;4;4;4;3;4;3;5;5;5;4;5;2;4;4;5;2;4;3;5;4;4;4
10396762932;4;3;4;5;4;5;5;4;4;4;5;4;5;4;5;2;4;4;4;5;5;4;4;3;3;4
10396760542;4;5;5;5;4;4;4;4;4;5;4;3;4;5;5;4;4;4;4;4;3;4;4;4;4;4
10396751649;5;5;5;3;4;5;4;4;5;4;5;5;5;5;5;5;5;5;5;4;3;5;5;5;5;4
10396750676;4;3;2;1;3;5;3;5;3;4;1;1;2;2;4;5;3;3;4;5;5;3;2;5;5;4
10396746798;3;3;3;3;3;2;2;2;3;2;2;2;4;3;4;2;2;2;5;5;5;2;4;4;2;1
10396738950;3;3;4;3;4;5;3;2;3;3;4;4;3;4;4;3;4;4;3;3;4;3;3;4;4;4
10396734909;3;2;3;2;3;5;2;2;4;3;2;3;3;2;4;4;4;3;3;3;2;3;5;3;3;5
10396731100;1;4;4;3;1;1;3;4;3;3;5;3;4;3;4;2;2;2;2;2;2;2;2;2;5;1
10396728058;4;4;4;4;3;5;4;2;3;3;4;4;3;3;4;4;4;4;4;3;4;3;2;2;2;4
10396723111;3;3;2;3;2;1;2;2;2;2;2;2;4;3;2;4;3;2;2;2;2;2;3;3;3;1
10396722267;4;4;5;5;3;4;3;3;4;5;3;3;4;3;3;5;4;4;3;3;3;4;4;3;3;4
10396713944;4;4;3;3;3;3;3;5;5;3;3;3;3;3;3;3;3;3;4;3;3;3;3;3;3;4
10396697110;4;4;4;4;3;3;3;1;3;3;3;3;4;3;4;4;3;2;3;4;3;3;2;3;2;4
10396695002;4;4;4;5;4;5;4;4;4;4;4;3;4;3;5;5;5;5;5;4;4;4;5;2;2;4
10396686425;5;4;2;2;4;5;4;2;4;5;4;3;5;5;5;2;2;3;5;5;3;4;4;2;5;4
10396686266;4;5;5;3;3;4;5;2;4;5;5;5;5;4;5;2;5;5;5;5;4;5;5;5;2;4
10396671890;4;4;4;5;4;5;3;3;3;3;4;3;4;4;5;2;4;4;4;3;4;4;3;4;4;5
10396670553;4;4;4;4;4;4;4;4;4;4;3;5;5;4;4;4;4;4;5;4;4;4;5;4;4;5
10396662102;5;4;5;5;4;5;5;4;4;4;4;4;4;4;5;5;5;5;4;4;3;4;4;4;4;4
10396644929;3;3;5;4;4;5;5;3;4;5;1;4;5;4;5;3;4;5;5;3;2;3;2;5;5;5
10396638055;4;4;4;5;4;5;3;3;3;4;3;4;3;3;3;4;4;3;4;3;3;4;4;4;3;5
10396636827;4;4;5;4;4;4;4;4;4;3;5;5;5;5;5;3;4;4;4;4;4;4;5;5;5;3
10396633205;4;3;3;5;3;3;4;2;3;4;4;3;4;3;4;5;2;4;3;4;4;4;4;3;4;4
10396629450;4;3;4;5;3;3;3;2;3;3;2;3;4;3;4;2;3;3;3;4;3;4;4;2;3;4
10396615650;4;3;4;5;2;3;3;5;3;3;4;5;4;5;5;3;4;5;4;4;2;4;3;5;3;4
10396608206;4;5;5;5;3;3;4;5;3;4;3;5;5;4;5;5;5;4;3;2;5;2;5;5;5;4
10396607481;5;5;5;5;5;5;5;3;4;5;5;4;4;4;5;4;4;4;4;4;4;4;4;3;4;5
10396604750;4;4;4;4;3;5;4;4;4;4;5;4;5;4;5;4;4;4;4;5;4;5;5;5;5;5
10396601681;4;3;5;5;3;4;3;3;4;3;3;4;4;4;4;3;3;3;3;2;4;4;3;4;4;5
10396597122;5;4;4;3;3;3;3;3;3;3;3;5;4;4;4;3;3;3;3;3;2;4;4;4;3;4
10396594505;4;4;4;4;4;3;4;3;3;4;4;4;4;4;5;5;4;4;3;3;2;3;4;4;5;3
10396588271;5;4;3;3;4;4;4;4;4;5;4;3;3;4;4;3;3;4;5;4;3;3;4;3;3;5
10396582964;4;5;5;5;3;3;4;4;5;4;3;4;5;2;5;4;4;4;4;2;2;3;5;4;4;4
10396578165;4;4;5;4;3;5;3;4;4;4;5;3;3;3;4;3;4;4;4;5;4;4;5;3;4;5
10396577498;4;4;4;5;3;4;5;2;4;4;5;3;3;3;5;5;5;5;4;3;4;4;5;3;5;4
10396576172;3;4;5;5;3;5;4;4;5;4;3;4;3;3;5;5;5;5;5;4;3;4;5;4;5;4
10396571906;5;5;5;5;4;4;5;3;4;5;5;3;4;3;5;5;5;5;5;5;5;5;4;4;4;5
10396570592;4;4;5;5;4;3;3;3;4;4;3;5;4;4;5;5;4;4;4;3;2;4;4;3;4;2
10396568101;3;3;5;5;3;2;1;1;2;2;3;1;3;4;4;4;3;4;2;3;5;2;4;4;5;3
10396566650;5;4;4;3;4;5;4;4;4;3;3;4;4;3;5;4;4;4;4;4;2;4;4;4;5;4
10396565186;4;3;3;3;3;4;3;2;3;3;3;5;5;3;4;3;2;2;3;3;2;3;4;4;4;4
10396556037;4;4;4;5;3;4;4;4;4;3;3;4;4;2;5;4;3;4;4;3;3;2;5;4;5;4
10396550167;4;5;5;5;3;4;3;3;4;4;5;5;5;4;5;5;4;4;4;4;2;3;4;4;4;4
10396548060;4;5;3;4;3;5;4;3;4;4;5;5;5;4;5;4;4;4;4;4;4;5;5;5;5;4
10396546035;4;4;4;4;3;4;3;3;4;4;4;4;3;3;4;3;4;4;3;4;4;3;4;4;4;4
10396542567;5;5;4;5;5;5;5;3;4;5;4;4;5;4;2;NA;4;4;4;4;4;4;4;3;3;4
10396541892;4;4;5;5;3;5;4;3;4;3;3;3;3;3;4;3;3;3;3;3;3;3;3;3;3;4
10396534856;3;3;3;4;2;4;3;3;2;2;4;3;3;2;4;2;3;3;4;4;4;4;3;2;4;4
10396533726;3;2;2;2;2;3;2;3;2;2;3;3;3;2;1;2;3;3;2;4;5;3;2;3;5;1
10396526737;4;4;5;5;3;5;2;4;5;4;4;2;5;2;5;2;4;4;5;3;2;4;4;4;2;4
10396526489;2;2;5;3;2;3;3;2;4;3;3;2;3;2;3;2;2;2;2;3;2;3;3;2;5;4
10396524685;5;4;5;5;4;5;3;3;2;5;4;5;5;5;5;2;5;4;4;4;2;5;5;4;5;4
10396519878;4;4;5;5;3;3;3;2;4;3;4;3;4;4;5;4;2;2;3;3;3;3;2;5;3;3
10396518565;5;4;4;5;4;5;5;5;5;4;5;5;5;5;5;4;4;4;5;4;4;4;5;5;5;5
10396515467;4;4;4;4;4;5;4;4;4;4;5;4;4;4;4;3;4;4;5;4;4;4;4;5;5;5
10396512870;NA;4;5;5;3;3;4;4;4;4;4;3;4;4;5;4;5;4;3;3;3;4;4;4;4;4
10396509499;2;4;4;5;3;3;2;3;2;4;4;1;4;3;5;4;3;3;2;2;2;2;4;2;4;4
10396508006;2;3;5;5;2;2;2;2;2;2;2;1;1;1;4;2;2;2;2;2;2;2;2;2;2;4
10396496352;2;3;2;4;3;5;4;3;2;3;5;2;3;2;2;2;3;3;2;3;3;3;2;3;2;2
10396485531;2;2;5;5;5;5;5;5;5;3;4;4;5;5;5;2;4;4;4;4;5;5;5;4;5;5
10396483811;4;3;4;4;3;3;4;3;3;4;4;4;4;3;3;3;3;3;4;3;3;3;4;2;3;5
10396479928;4;4;3;4;4;5;3;4;4;4;5;3;4;3;3;5;5;3;5;5;3;2;2;5;5;5
10396471128;4;3;3;5;4;5;4;4;4;4;4;5;4;3;3;4;4;4;4;4;4;4;4;4;5;4
10396468224;4;4;5;5;3;5;4;2;2;4;3;3;4;4;5;5;5;5;4;4;4;4;3;3;5;4
10396459578;3;3;3;4;3;3;3;3;3;3;3;4;3;2;3;2;2;2;3;2;2;2;2;2;2;3
10396455683;4;3;4;1;3;3;1;4;4;2;3;5;5;5;5;2;2;2;2;3;2;3;5;5;5;1
10396454940;2;2;3;2;1;1;1;1;1;1;5;1;1;1;5;5;3;3;3;3;2;3;3;3;3;1
10396452175;2;1;5;2;2;NA;2;2;2;3;2;2;2;2;5;2;3;3;2;2;5;2;2;2;2;2
10396450546;5;4;4;5;4;3;4;5;5;4;5;5;4;4;5;5;5;5;5;5;5;5;5;5;5;5
10396448020;4;3;3;3;4;4;5;5;5;4;5;4;4;4;5;NA;5;5;5;3;3;3;4;4;4;5
10396447145;4;3;2;4;3;4;4;3;4;3;5;3;4;3;4;3;5;3;5;5;2;3;5;3;5;5
10396446991;4;4;5;4;3;4;3;3;3;3;3;4;4;3;3;4;4;4;4;3;3;3;5;4;4;4
10396446796;4;4;5;4;NA;4;3;2;4;4;4;3;3;3;5;5;4;4;4;4;3;4;5;4;4;4
10396440601;3;3;5;5;2;3;4;4;4;4;4;3;3;3;5;3;4;4;3;2;2;3;4;3;4;4
10396440531;5;4;4;5;3;4;4;5;5;5;4;5;5;5;5;4;4;3;4;4;3;5;5;5;5;4
10396438859;3;5;5;5;3;5;3;3;3;5;5;3;2;2;5;5;5;4;4;3;4;3;3;3;4;4
10396431378;3;2;4;2;3;4;4;1;3;3;3;4;4;3;4;2;2;2;3;3;2;3;4;2;2;4
10396429422;4;3;5;5;4;4;4;3;3;3;4;4;4;4;4;4;4;3;4;3;2;4;4;3;4;5
10396425178;4;4;4;3;2;4;4;3;4;2;4;3;4;3;4;5;3;3;3;2;2;4;4;4;4;5
10396422211;4;4;2;4;3;4;3;3;3;4;4;2;4;3;4;4;4;4;4;4;2;4;4;2;4;4
10396419167;4;2;4;3;2;4;3;2;2;3;4;3;4;4;5;3;2;2;3;3;2;3;5;5;5;3
10396416833;3;2;2;2;3;4;2;1;3;3;3;2;2;2;4;2;3;3;2;2;3;2;4;2;2;4
10396416782;3;4;4;5;3;3;3;2;4;3;3;3;4;3;4;4;4;4;4;3;3;3;2;4;4;4
10396410344;4;4;5;1;3;4;3;5;4;2;3;4;4;3;5;3;2;2;2;4;2;3;3;5;5;3
10396404071;4;3;5;4;3;5;3;4;4;2;3;3;5;4;5;3;3;4;3;3;2;3;4;5;5;4
10396403682;4;5;5;5;4;4;4;3;4;4;5;3;4;3;4;4;4;4;5;4;4;4;4;3;4;4
10396402212;5;5;4;5;4;5;4;4;5;5;4;5;4;4;5;5;5;5;5;4;3;4;5;4;5;5
10396401896;5;4;4;4;4;5;4;4;4;4;4;3;4;4;5;4;4;4;4;4;4;4;4;4;4;5
10396399277;4;4;4;5;4;4;4;3;3;3;3;3;4;4;4;4;4;4;4;3;2;4;4;2;4;4
10396399086;4;5;5;5;3;4;2;2;5;4;3;5;5;3;5;5;5;5;4;4;3;4;5;5;5;4
10396397019;5;5;5;5;5;5;4;4;4;4;3;3;5;5;5;3;5;5;4;5;4;4;5;5;5;4
10396390488;4;4;5;5;4;4;4;3;4;4;4;4;4;4;5;2;4;4;4;4;4;4;5;4;4;1
10396389335;3;4;2;3;2;4;3;2;4;2;3;2;4;4;3;2;2;2;3;2;3;3;5;3;2;4
10396389247;3;3;5;4;2;2;3;2;4;3;5;3;4;2;4;4;3;3;3;3;5;2;4;3;4;4
10396387596;4;4;5;5;4;4;3;2;3;5;4;4;4;4;5;4;4;3;3;4;3;3;5;4;5;4
10396386652;4;4;3;3;4;4;3;3;1;3;5;3;4;3;4;4;3;3;4;5;5;5;5;4;4;5
10396384760;2;3;3;3;3;3;3;3;3;3;3;1;3;2;3;3;2;2;2;3;2;2;3;3;3;4
10396379959;2;2;3;3;3;3;2;2;4;3;4;3;3;2;4;2;3;3;2;4;3;3;4;4;3;2
10396374260;2;2;3;NA;3;4;3;2;3;2;2;5;3;4;4;2;2;2;2;2;2;4;4;4;4;4
10396372955;4;4;4;4;3;4;4;2;4;4;3;4;4;3;4;3;4;4;4;4;3;3;4;3;4;4
10396369843;4;4;4;4;4;4;3;3;4;4;3;3;4;4;4;2;4;3;4;4;4;4;4;3;2;4
10396362628;3;3;4;3;2;3;4;4;3;2;3;2;4;3;4;2;3;3;3;3;2;4;3;4;3;4
10396358438;3;2;3;2;1;1;2;1;3;3;1;2;2;1;4;2;2;2;2;2;5;3;2;4;4;4
10396356172;2;2;3;4;3;4;3;3;2;3;2;2;4;3;3;3;3;4;3;4;3;3;2;3;2;3
10396354655;4;3;5;5;3;4;3;4;5;4;4;4;3;5;5;5;5;5;5;5;3;3;5;5;5;4
10396346058;4;4;4;4;4;4;3;3;3;3;4;3;4;4;4;3;2;2;3;5;5;5;4;5;5;4
10396343908;3;1;3;3;3;4;2;2;2;3;3;2;3;3;4;3;3;3;2;3;3;2;5;5;2;4
10396343890;5;5;5;4;4;4;4;4;4;4;5;4;5;4;4;3;4;4;4;5;5;4;5;4;4;4
10396341721;4;4;4;4;3;4;4;3;3;4;4;3;4;3;4;3;4;4;3;4;4;2;2;2;2;4
10396337790;5;4;4;4;4;4;5;4;4;4;4;3;4;4;4;5;4;4;5;4;3;4;5;4;4;5
10396335603;4;2;5;5;4;4;3;3;4;3;2;3;4;4;4;4;2;2;2;3;2;2;4;3;4;4
10396334799;4;3;4;5;3;4;4;3;3;4;5;3;4;3;5;3;4;5;3;4;4;4;2;4;5;2
10396333873;3;3;3;4;2;3;3;1;1;3;3;2;3;2;4;3;3;3;2;2;3;2;2;5;2;3
10396333686;3;4;2;2;2;3;3;4;4;4;3;2;3;2;4;2;3;5;5;5;2;3;5;4;4;4
10396333279;2;2;3;5;2;2;2;2;3;2;3;3;3;2;4;2;2;2;2;2;2;2;4;4;3;4
10396331272;4;5;4;4;4;4;4;3;4;4;4;3;4;4;5;3;4;4;4;4;2;4;4;3;5;4
10396330948;3;2;5;5;2;4;4;2;3;3;2;3;5;3;4;2;3;3;4;4;2;4;4;4;4;3
10396326992;3;3;3;3;2;4;3;2;3;3;4;2;3;3;4;2;3;2;4;3;2;3;4;3;4;3
10396324384;2;3;5;4;3;4;3;2;3;4;3;2;4;4;4;3;2;2;2;2;2;2;5;5;3;5
10396323715;4;3;5;4;3;4;4;3;3;4;4;3;4;3;4;3;4;4;4;4;3;4;4;3;4;4
10396323004;5;5;5;5;4;4;4;3;4;5;5;4;4;4;5;3;5;4;4;4;4;4;5;4;4;4
10396322005;5;4;5;4;5;5;4;3;4;5;5;5;5;4;5;5;5;4;4;4;4;4;5;4;5;4
10396321508;4;3;3;4;3;3;4;3;3;3;5;5;5;4;5;4;3;3;3;4;2;3;3;3;4;4
10396321440;4;3;5;4;3;5;3;3;3;3;3;4;4;4;5;4;3;4;4;5;3;4;3;4;3;4
10396321149;4;2;4;4;2;3;3;2;4;2;2;3;2;1;2;2;2;2;2;3;2;5;3;4;5;3
10396319536;4;3;4;3;4;4;3;3;2;4;3;5;5;4;4;3;4;4;4;5;3;3;5;3;2;4
10396312241;4;3;4;3;3;4;4;4;3;4;4;2;3;2;4;4;4;4;4;4;4;3;3;3;3;3
10396312212;4;3;4;2;2;3;2;3;4;3;1;3;5;2;3;3;2;2;2;4;2;4;5;5;2;1
10396310948;4;4;5;5;4;4;3;2;4;3;5;3;4;4;5;4;4;4;4;4;4;4;2;2;5;4
10396308889;4;5;5;5;4;3;4;2;3;4;3;4;4;4;4;4;4;4;4;4;2;3;4;5;3;4
10396308864;4;3;5;5;3;4;4;3;4;4;3;3;4;3;4;3;4;4;4;4;3;3;4;4;3;4
10396305880;4;5;3;4;4;4;4;3;3;3;4;4;4;4;5;2;4;4;4;5;3;4;4;3;4;4
10396305420;4;5;5;5;3;4;3;4;4;3;5;3;3;4;5;4;4;4;4;4;4;3;4;4;4;4
10396298525;4;4;5;3;2;4;4;3;4;3;5;2;3;4;4;4;4;5;2;2;5;5;3;3;2;3
10396297563;4;4;4;5;3;3;4;4;3;4;3;5;4;3;5;2;3;3;3;2;3;2;4;5;4;3
10396295777;4;4;5;4;4;5;3;3;3;2;5;3;5;4;5;4;2;2;3;4;4;4;3;4;4;4
10396294757;4;5;5;5;3;4;4;3;3;4;4;3;4;3;5;5;5;5;4;4;5;4;4;4;4;4
10396285880;5;5;5;5;4;4;4;4;4;5;5;5;5;5;5;4;5;5;5;4;5;4;4;4;4;5
10396281505;4;4;4;4;4;4;4;4;4;3;3;4;4;3;5;5;5;5;4;4;4;3;5;5;5;4
10396281128;5;5;4;4;4;5;4;4;4;4;5;5;4;5;5;2;5;5;5;5;3;4;5;5;3;3
10396279386;4;4;4;5;4;5;4;1;3;4;5;3;4;3;5;5;5;5;5;5;4;5;5;2;5;4
10396279356;4;4;5;5;3;5;4;1;1;4;3;2;4;2;5;2;5;5;4;5;5;4;3;5;5;4
10396275951;4;4;4;5;3;4;4;4;3;3;4;2;3;2;4;3;4;4;3;4;2;3;4;4;2;3
10396275928;5;5;5;5;4;5;4;4;5;5;5;5;4;4;5;5;5;5;5;5;5;5;5;5;5;5
10396274047;5;4;5;5;4;5;4;3;4;5;4;4;4;4;5;4;5;5;4;5;4;5;5;5;4;5
10396273840;3;3;2;5;4;5;5;3;2;5;3;3;5;3;5;4;5;5;4;4;4;3;3;4;5;5
10396269605;3;2;3;2;3;2;4;2;3;3;3;3;3;3;4;3;3;2;3;3;3;4;3;2;3;3
10396261141;4;4;5;4;4;5;5;3;4;4;4;4;5;5;5;5;5;5;4;4;4;4;5;4;5;4
10396260399;4;4;4;5;3;5;4;2;2;3;4;5;5;4;4;3;3;3;4;4;4;3;4;4;4;4
10396259100;4;5;4;5;4;5;5;2;5;5;5;4;5;4;4;5;5;5;5;5;5;5;5;5;4;4
10396255575;5;4;4;5;4;5;4;4;4;4;5;5;5;4;5;4;4;4;4;4;3;4;4;4;5;4
10396255273;5;4;4;5;4;5;4;3;4;5;5;5;5;4;5;4;4;4;5;4;3;4;5;5;5;5
10396255241;4;3;4;2;3;5;5;3;3;3;2;3;5;5;4;4;3;4;3;3;3;4;5;5;3;4
10396254222;4;4;4;4;4;5;4;3;5;3;3;4;4;3;5;4;4;4;4;4;4;4;5;5;5;4
10396251646;2;2;5;5;3;3;3;2;4;3;2;3;3;3;5;2;2;2;2;2;2;2;3;4;2;1
10396250251;4;4;5;5;4;5;4;4;4;4;4;4;4;3;5;4;4;4;4;4;4;4;4;4;4;4
10396248594;4;4;4;4;3;3;4;2;3;3;4;3;3;2;4;4;5;5;4;4;2;4;4;4;4;4
10396247490;5;5;4;5;4;5;5;2;5;5;5;5;5;5;5;5;5;4;5;4;5;5;4;4;4;5
10396245914;3;3;4;2;4;4;3;4;4;3;4;3;3;3;5;3;3;4;3;2;3;2;4;4;4;4
10396240282;4;5;4;5;3;5;4;4;5;4;3;5;4;4;4;3;4;3;4;3;4;3;4;4;3;4
10396233929;4;4;2;2;3;4;4;3;3;3;3;5;3;3;4;5;4;4;4;4;4;4;4;4;4;4
10396232246;5;5;5;5;4;4;4;4;5;5;5;4;5;4;5;4;4;3;4;5;2;4;5;3;5;4
10396230071;NA;3;3;2;3;4;2;3;4;2;5;5;4;2;5;2;3;3;3;4;4;4;4;4;4;4
10396228659;4;4;5;5;4;5;4;4;3;5;3;3;4;4;5;3;4;4;4;5;4;5;4;3;4;4
10396228287;4;4;3;4;3;5;4;3;3;2;3;3;4;4;5;4;4;4;4;3;2;3;4;2;3;4
10396227865;5;5;4;2;4;4;4;3;4;4;4;5;5;4;5;4;4;4;4;3;3;4;4;3;4;4
10396226910;1;3;3;5;1;2;2;1;2;2;3;2;4;2;4;2;2;2;2;2;2;2;2;4;2;3
10396223340;3;3;5;5;3;3;4;2;2;4;4;3;4;3;5;4;4;4;4;4;3;5;4;2;3;4
10396219072;5;4;5;5;4;4;3;3;4;5;5;5;5;3;5;3;4;4;4;4;4;4;5;5;5;5
10396217073;3;2;5;5;3;3;3;3;2;3;2;3;2;2;4;3;2;2;2;2;3;2;3;2;3;4
10396213225;3;4;4;5;4;4;4;4;4;5;4;3;5;4;5;5;5;5;5;5;5;5;5;5;5;5
10396209735;4;4;4;5;3;4;4;3;3;4;4;2;3;2;4;4;4;4;4;4;3;4;3;3;3;4
10396208176;4;4;4;4;4;4;3;3;4;4;4;4;4;3;5;4;3;3;4;4;4;4;4;4;4;3
10396206989;3;4;4;5;1;3;4;1;3;3;4;3;3;1;5;4;4;4;NA;2;2;2;4;5;4;4
10396201692;4;4;3;4;3;4;2;3;3;3;3;4;4;3;5;5;4;4;3;2;2;2;2;2;2;2
10396201632;3;3;4;3;4;5;3;5;3;3;4;4;4;3;4;2;2;2;4;3;5;4;4;5;5;4
10396200436;4;4;5;5;2;2;3;3;4;4;3;4;4;4;5;5;4;4;2;2;2;2;4;4;4;3
10396196699;5;5;5;4;4;4;4;4;4;4;4;5;5;4;5;4;4;4;4;4;4;4;4;4;4;5
10396195996;5;4;5;5;4;4;3;2;2;4;3;4;4;3;4;4;2;2;2;3;2;4;4;3;3;1
10396193780;3;3;3;3;3;4;4;3;4;3;3;3;4;2;3;3;4;4;4;4;2;2;4;2;3;5
10396192857;4;3;4;5;2;3;4;3;4;3;2;5;4;4;5;4;5;5;3;4;5;5;4;5;5;5
10396191333;5;5;5;5;4;4;4;1;4;4;4;5;4;4;5;3;4;4;5;5;3;4;5;3;5;4
10396188032;4;4;4;4;4;5;4;3;3;4;5;5;4;4;5;4;4;4;4;4;5;4;4;4;4;2
10396187018;1;2;2;2;1;2;3;2;2;2;3;2;3;1;2;2;2;2;2;2;2;2;2;3;2;3
10396185096;4;2;5;5;4;5;5;5;2;5;5;2;4;4;4;4;5;5;4;2;4;4;5;2;5;1
10396185009;4;3;5;5;3;4;3;4;4;4;4;4;4;3;4;2;4;4;3;2;2;3;4;4;4;4
10396184624;4;4;4;5;4;5;4;3;4;4;4;5;4;4;5;4;4;4;4;5;4;4;5;4;5;5
10396180170;5;4;5;5;4;5;4;5;4;5;4;4;5;3;5;4;5;5;5;4;4;4;4;5;5;5
10396179900;4;4;5;3;4;4;4;2;4;4;4;4;4;4;5;4;4;4;4;4;5;4;4;4;4;5
10396179653;4;4;3;5;4;5;4;3;4;4;4;3;4;4;5;4;4;4;4;4;3;4;4;4;3;4
10396179021;4;3;5;4;4;5;4;2;1;4;4;4;4;5;5;2;4;4;4;5;2;5;5;5;5;5
10396177287;2;4;4;4;2;4;5;2;4;3;4;3;2;1;4;2;4;5;2;5;5;5;2;3;5;1
10396176696;2;3;3;4;3;2;4;4;4;3;4;1;5;3;4;4;4;4;2;2;2;2;4;2;2;4
10396175214;4;4;4;5;4;3;4;2;3;4;4;3;3;3;2;4;NA;3;4;3;3;4;3;2;2;4
10396174816;4;3;4;4;3;3;2;3;3;3;4;4;4;2;4;2;2;2;2;2;2;2;2;4;4;4
10396174279;4;4;5;4;3;3;4;3;3;3;4;4;4;4;5;4;4;4;4;4;2;2;4;4;4;4
10396173169;5;5;3;4;4;4;4;1;3;4;3;4;5;5;4;3;4;4;4;4;4;4;3;4;3;4
10396169532;4;4;3;4;4;5;4;3;4;3;4;4;4;4;4;2;3;3;4;4;4;4;5;4;4;4
10396167851;2;2;4;4;2;2;2;3;2;3;3;2;2;2;2;2;2;2;2;3;2;5;2;4;2;3
10396167315;4;4;5;4;4;5;4;3;4;5;5;5;5;4;5;5;4;4;4;4;5;5;5;5;5;4
10396164000;4;4;5;5;3;5;4;2;4;4;4;3;4;3;4;2;4;4;4;4;2;4;4;4;4;4
10396162828;4;4;5;5;4;3;3;4;4;4;4;5;5;5;5;4;4;4;4;4;4;5;5;5;4;4
10396162455;4;4;4;5;4;2;3;3;4;3;4;5;4;4;5;2;2;4;3;4;5;3;4;4;4;4
10396160086;5;5;3;4;NA;4;5;5;1;5;5;5;5;3;4;5;5;5;5;5;5;3;2;5;5;5
10396156924;5;5;5;5;4;5;4;3;4;4;5;5;5;4;5;5;5;5;5;5;4;4;5;5;5;5
10396151819;5;5;5;4;4;4;5;3;3;5;4;4;3;4;5;4;5;4;4;4;4;3;3;4;4;5
10396148676;4;5;5;5;4;5;2;2;4;5;5;3;4;4;5;5;5;4;4;4;4;4;4;3;3;5
10396148026;4;2;2;3;4;5;4;1;3;4;1;4;4;4;5;3;2;2;2;3;3;3;5;5;5;2
10396147226;4;4;3;5;4;4;3;3;3;4;3;3;3;3;4;3;4;4;4;3;3;3;NA;3;4;4
10396145298;NA;2;5;5;2;5;3;4;5;4;NA;2;4;1;5;5;3;2;4;4;3;3;5;4;4;3
10396145206;5;4;3;4;3;4;4;2;2;4;5;3;3;4;5;4;5;5;5;4;4;4;5;4;5;5
10396142358;4;4;4;4;3;3;3;1;3;3;3;5;5;3;5;5;4;4;3;3;3;3;2;4;4;5
10396141486;4;4;3;4;3;5;3;4;3;4;4;3;4;3;5;4;5;4;3;4;4;4;4;4;2;3
10396139162;4;4;4;5;4;5;5;4;4;3;5;4;4;4;5;5;5;4;5;5;4;5;5;4;3;4
10396138313;4;4;5;4;4;5;2;3;2;3;1;4;5;4;5;5;4;5;4;4;4;4;4;3;4;4
10396138178;2;1;3;3;2;1;1;1;2;2;2;3;5;4;3;2;2;2;2;2;4;2;3;3;4;2
10396136050;4;3;2;2;3;3;3;3;3;3;3;4;4;2;3;2;2;2;4;3;3;3;4;4;4;4
10396135539;4;5;5;5;4;4;4;3;3;3;4;3;4;5;4;4;4;4;4;3;3;2;2;4;3;4
10396134464;4;2;2;3;3;5;4;3;3;3;2;5;5;4;5;2;3;3;3;2;2;3;5;5;3;4
10396133427;4;3;3;4;4;3;2;3;3;4;3;4;4;4;4;3;3;2;2;4;5;5;5;3;5;4
10396132902;4;3;3;5;4;4;4;2;4;3;2;4;4;4;4;5;4;4;5;3;2;3;4;2;2;5
10396132263;3;4;5;4;3;4;2;2;3;4;4;3;4;4;4;2;4;4;4;3;3;3;4;4;5;4
10396132022;3;3;2;3;2;2;2;4;3;2;2;3;3;2;3;2;2;2;2;2;2;2;4;3;4;3
10396131623;3;4;4;4;3;3;2;2;3;2;3;3;4;3;5;4;2;3;2;4;2;2;4;4;3;3
10396131404;5;5;5;4;4;5;4;4;4;3;5;3;3;2;5;2;2;5;5;4;4;4;5;5;5;2
10396130890;4;4;4;5;3;4;3;3;4;4;4;4;3;4;4;4;4;4;4;4;3;4;4;4;3;4
10396128641;5;5;5;5;5;1;5;5;4;5;5;5;4;4;5;4;5;5;5;5;5;5;4;4;4;4
10396128375;5;4;2;3;3;4;4;3;4;4;3;4;4;3;5;4;4;4;4;3;2;4;4;5;5;4
10396126641;4;4;4;3;3;NA;5;2;2;2;2;2;3;2;4;2;3;3;4;4;3;2;3;2;2;4
10396126461;4;4;5;4;3;4;5;4;5;5;4;4;4;4;5;5;5;5;5;5;4;4;4;4;4;4
10396126289;4;4;5;4;3;3;4;3;4;5;3;3;3;2;5;4;4;4;3;2;2;2;4;3;3;4
10396125407;3;3;4;5;NA;3;3;3;3;3;3;3;4;4;4;2;3;3;3;2;2;2;2;4;4;4
10396124889;2;3;5;3;3;4;4;2;3;3;3;2;4;3;2;5;4;4;3;4;5;3;2;5;5;4
10396124724;4;4;4;4;3;4;5;3;4;3;4;4;5;3;4;4;4;4;4;3;3;2;4;4;4;4
10396121532;4;4;5;5;4;5;4;3;4;5;5;3;4;4;5;5;5;5;5;4;4;4;4;3;4;5
10396121299;5;4;5;5;4;5;4;3;4;5;5;5;5;4;5;5;5;5;5;5;5;5;4;5;5;5
10396119851;4;3;4;5;3;4;4;4;3;3;3;4;4;3;5;2;3;3;3;4;3;4;5;4;4;3
10396117514;5;4;5;4;4;5;5;3;4;5;4;5;5;5;5;5;5;5;4;5;5;5;5;5;5;4
10396113028;2;2;3;4;4;4;4;2;1;3;3;3;4;3;3;4;4;4;4;4;2;4;3;3;5;4
10396107639;4;4;4;4;4;4;4;4;3;4;4;4;4;4;5;4;4;4;4;4;4;4;4;3;4;4
10396106048;2;3;4;4;2;3;4;2;4;4;4;3;4;2;4;2;3;3;3;2;2;2;2;3;3;3
10396105951;4;4;5;5;4;4;4;3;4;4;5;5;4;4;5;4;4;4;5;4;4;4;4;4;4;5
10396105108;4;4;5;5;4;4;4;3;4;4;4;4;4;4;5;4;5;5;5;4;4;4;4;4;4;4
10396104876;4;4;5;2;4;4;4;4;3;4;4;4;3;3;4;4;4;4;4;3;3;3;3;4;3;4
10396104322;4;4;5;5;4;4;4;4;3;4;5;5;4;4;4;4;4;4;4;4;3;4;5;4;5;4
10396102475;4;5;5;4;4;5;4;1;3;5;4;5;5;3;3;4;5;5;5;5;5;5;4;4;3;4
10396102187;3;3;4;4;2;1;3;3;3;3;5;5;3;2;5;2;4;4;3;3;4;3;3;4;2;4
10396100669;3;4;4;2;3;2;3;2;4;3;4;3;3;4;5;3;2;2;2;3;2;2;5;3;4;2
10396099265;4;3;3;5;4;5;4;3;4;4;4;2;3;2;5;4;4;4;4;4;3;4;4;4;3;2
10396098280;4;4;4;3;3;3;2;3;4;4;4;3;4;4;5;4;4;3;4;3;2;3;4;4;4;4
10396097700;4;4;5;5;3;4;4;3;4;5;5;5;4;3;5;3;4;4;4;4;4;4;4;4;5;2
10396097364;4;4;4;5;2;3;4;3;4;3;4;1;4;4;5;5;4;4;4;3;4;2;5;5;5;4
10396096495;4;4;5;5;4;4;4;4;4;4;4;4;4;4;4;3;4;4;4;4;4;4;4;4;4;4
10396096186;5;4;5;4;4;4;4;3;4;3;4;5;5;5;5;3;4;3;4;5;4;4;4;5;5;4
10396096010;4;4;4;3;3;4;3;2;4;4;4;3;4;3;4;2;4;4;4;3;3;3;5;4;4;4
10396094436;4;5;5;4;3;5;4;3;5;4;5;3;4;3;5;4;4;5;5;4;5;4;5;4;4;3
10396093765;4;4;5;5;3;5;4;3;4;4;5;4;4;3;5;4;4;4;4;4;4;4;4;4;4;4
10396093501;3;1;2;2;2;5;4;2;3;3;4;2;2;2;4;2;2;2;5;2;3;3;3;2;5;2
10396091570;4;4;5;5;3;5;4;5;4;4;5;3;4;4;5;3;4;4;4;4;4;5;3;4;3;5
10396090284;4;3;3;5;3;5;5;3;2;4;3;3;3;4;4;2;4;3;4;4;3;4;3;2;5;2
10396087437;4;4;4;5;4;3;3;3;4;2;4;5;3;4;5;2;2;2;2;3;2;4;5;4;2;3
10396085987;4;3;5;4;4;4;3;3;4;3;4;4;4;4;5;3;3;3;3;4;4;4;5;5;4;3
10396085971;1;3;4;5;2;2;3;2;1;2;1;2;2;2;4;2;2;2;2;3;3;2;5;3;5;3
10396084844;5;5;5;5;4;4;3;3;4;4;4;3;3;3;5;3;4;4;4;3;4;3;4;3;4;5
10396084760;4;4;5;5;4;3;3;4;4;3;5;3;4;3;4;3;4;4;4;3;4;4;4;4;4;4
10396084178;4;3;4;5;4;5;4;4;4;3;4;4;4;3;4;3;4;4;4;4;4;4;4;4;4;5
10396083984;4;4;4;5;3;5;3;2;4;3;3;3;4;4;2;4;2;3;4;2;2;3;5;5;5;3
10396082969;5;5;4;4;5;4;5;3;4;4;5;5;4;4;5;4;4;4;4;4;3;4;2;5;5;4
10396082437;4;4;5;4;3;4;4;3;3;4;4;3;4;4;5;4;4;4;4;4;4;4;4;4;4;5
10396082223;4;4;5;5;3;3;4;2;4;5;4;3;4;2;4;4;4;3;4;3;4;4;4;4;4;4
10396081437;2;1;5;5;3;2;2;3;3;3;3;3;3;3;4;5;2;3;2;3;5;3;5;5;5;4
10396081392;3;3;2;2;3;2;3;3;2;3;2;3;3;3;4;3;3;3;3;4;2;3;3;4;4;3
10396081135;3;2;5;5;2;3;3;1;3;3;1;2;4;2;2;4;4;4;NA;3;3;4;4;4;2;4
10396080885;4;3;4;5;3;3;3;2;3;3;4;4;4;2;5;4;4;4;4;5;3;5;5;4;5;4
10396080213;3;3;4;3;3;3;3;2;3;3;2;2;3;3;4;3;3;3;3;3;3;3;2;4;4;3
10396079530;4;4;3;3;3;4;4;3;4;4;4;3;4;3;4;4;4;4;4;4;3;4;4;4;4;4
10396079372;4;4;5;1;5;5;3;2;4;5;5;5;5;5;5;2;5;5;5;4;5;5;3;3;3;5
10396079190;4;4;5;4;4;4;4;4;4;4;4;4;4;4;5;2;4;5;4;4;4;4;4;4;5;4
10396078054;5;4;4;4;4;4;4;3;4;4;4;5;5;5;4;4;4;4;4;4;3;4;4;4;4;5
10396078033;4;4;4;5;3;4;4;3;4;3;4;3;4;4;4;4;3;4;4;4;3;4;4;4;4;4
10396078021;4;4;5;5;4;5;4;3;4;4;4;4;5;4;4;5;4;4;5;4;5;4;3;5;3;4
10396077737;3;3;5;4;3;4;3;2;3;3;3;3;3;3;4;4;3;2;3;3;3;3;3;4;4;4
10396077492;3;5;4;1;3;3;3;3;4;3;2;3;4;4;5;4;4;3;3;3;2;3;5;5;5;2
10396074714;4;4;5;5;4;4;4;3;4;5;4;4;4;4;5;3;4;4;4;4;4;5;4;4;4;5
10396074503;4;4;5;5;4;4;4;3;3;5;5;3;4;4;4;5;5;4;4;5;5;4;4;4;5;5
10396074107;3;4;4;4;2;4;3;3;2;4;4;1;3;3;5;2;4;4;4;4;3;3;NA;2;4;4
10396073909;3;5;4;5;2;1;4;4;2;3;5;3;4;2;5;3;4;4;4;2;3;2;2;3;4;2
10396073090;3;3;3;4;3;4;4;3;3;4;4;2;5;3;4;4;4;4;4;3;3;2;3;2;2;3
10396072260;4;4;5;5;4;4;4;4;4;4;5;5;5;4;5;4;4;4;4;4;4;4;4;4;4;5
10396072161;4;4;4;5;3;4;4;4;5;4;4;5;5;4;5;3;4;4;4;4;3;5;4;4;4;3
10396070825;2;1;5;5;4;5;1;3;4;3;3;3;2;2;2;2;2;3;3;2;2;5;5;5;5;4
10396069123;3;4;5;5;2;2;2;1;2;2;3;3;3;3;5;2;3;5;2;5;5;5;5;5;5;3
10396067219;3;3;3;3;3;3;3;3;3;3;3;1;2;2;2;2;2;2;2;2;4;2;4;2;2;4
10396067112;3;3;4;5;3;2;3;3;4;2;3;2;4;3;4;3;3;3;2;3;3;5;2;3;3;1
10396066935;5;5;5;5;3;5;3;4;4;3;3;1;5;4;5;4;3;2;3;4;3;3;4;2;3;4
10396066563;4;4;4;4;4;4;4;4;4;4;4;4;4;4;4;3;4;4;4;4;3;4;4;4;4;4
10396066139;4;3;2;3;3;4;3;3;2;4;4;3;3;4;4;2;3;4;3;3;3;3;4;3;4;3
10396065762;4;4;4;4;NA;3;3;4;4;3;4;4;3;4;5;4;3;3;4;4;4;3;5;2;2;4
10396065695;4;4;3;3;4;4;3;4;3;3;3;3;4;4;4;4;3;3;4;4;4;3;4;4;4;4
10396065492;4;4;5;4;NA;4;3;2;3;3;4;4;4;4;5;4;4;3;4;4;4;4;2;4;2;3
10396065075;4;4;5;5;2;2;3;3;4;3;2;2;4;4;5;2;3;2;2;3;2;2;3;5;2;4
10396063740;4;3;5;5;2;1;3;3;NA;2;5;1;3;1;5;3;2;2;2;3;5;3;3;3;3;4
10396063392;4;3;4;2;3;4;3;3;3;3;2;3;2;2;4;3;3;3;2;3;2;2;4;4;4;4
10396062464;5;4;4;4;4;5;5;3;4;4;4;5;5;5;5;4;5;4;4;4;4;4;5;5;5;4
10396062448;4;4;5;4;3;5;5;3;4;5;5;3;5;3;5;4;4;4;4;4;4;4;4;4;4;5
10396059816;4;4;5;5;4;4;4;2;2;4;4;3;3;3;4;4;4;4;4;4;4;4;4;2;3;5
10396059310;5;5;5;5;4;5;3;1;3;5;5;5;4;4;5;4;5;5;5;4;3;4;4;2;2;5
10396059245;4;4;5;5;3;4;4;3;4;4;4;4;3;3;5;4;4;4;4;4;4;4;4;3;4;4
10396058490;4;4;5;5;3;4;2;2;4;3;2;3;4;4;5;3;4;4;4;4;4;4;2;2;2;4
10396057429;4;4;5;4;4;5;5;4;4;5;5;4;5;5;5;5;5;5;5;5;5;5;5;5;5;5
10396057297;3;4;5;5;3;4;5;3;3;5;5;3;4;3;5;5;5;5;5;4;3;3;4;2;4;5
10396057051;4;4;5;5;4;5;5;4;4;4;5;4;5;4;5;5;5;5;5;5;5;5;5;3;5;5
10396056966;4;4;5;5;3;2;3;1;4;2;3;4;5;4;5;5;4;5;4;4;3;5;4;5;5;2
10396056948;5;4;4;4;4;5;4;3;4;4;4;4;5;5;5;4;4;5;4;3;5;4;5;5;5;4
10396056865;2;4;3;2;2;4;3;2;1;3;5;2;4;2;4;2;4;4;4;3;2;4;5;4;2;4
10396056582;1;3;4;4;1;3;3;1;1;2;4;3;2;2;5;2;2;2;2;2;3;2;4;2;4;3
10396056433;3;4;5;5;4;3;4;3;3;4;3;3;4;4;5;4;4;4;4;3;2;2;4;4;4;5
10396055782;4;4;5;4;3;4;4;3;2;3;4;4;4;4;5;2;4;4;4;3;2;2;4;4;4;4
10396055726;3;3;4;5;2;2;2;1;3;3;2;3;2;2;1;3;3;2;3;2;3;2;2;2;5;4
10396054205;4;3;3;4;3;4;3;3;4;4;4;3;4;2;3;4;4;4;4;3;3;4;5;4;4;5
10396053102;4;4;4;4;3;5;5;4;4;4;5;4;5;3;5;4;4;4;4;4;4;3;5;5;4;4
10396051923;4;4;4;4;2;2;1;2;3;2;3;5;5;3;4;4;2;2;2;3;3;2;2;4;2;4
10396051681;5;5;4;4;4;4;4;3;3;5;5;5;5;5;4;4;5;5;5;3;4;5;5;2;2;5
10396050434;5;5;5;1;4;4;5;5;4;4;3;5;5;5;5;4;4;5;5;5;3;5;5;3;4;5
10396050227;4;4;5;5;4;5;4;3;4;3;4;4;4;3;5;3;4;4;4;4;4;4;4;2;3;4
10396049349;3;4;4;5;3;3;3;3;3;3;3;4;3;3;5;3;3;4;3;3;3;3;3;3;3;4
10396049225;5;3;5;4;4;4;5;3;5;3;5;3;3;3;4;2;4;4;4;4;3;4;4;4;4;4
10396048593;4;4;5;5;4;4;3;3;4;3;3;3;3;2;3;4;3;3;3;5;3;5;4;5;2;4
10396047202;4;4;5;5;4;4;4;3;3;4;4;3;3;3;5;NA;4;4;4;3;4;3;3;3;3;4
10396044196;5;5;3;1;4;3;2;3;2;2;3;4;5;5;4;2;4;5;2;3;5;5;4;5;4;1
10396043853;4;4;5;5;3;3;4;2;4;4;4;3;3;3;5;2;4;4;4;2;4;3;4;4;3;3
10396043212;4;4;5;5;4;4;3;1;3;4;4;2;3;4;5;4;5;4;4;4;3;3;4;3;3;4
10396042979;4;4;5;4;4;5;4;4;3;4;5;5;5;3;5;4;5;5;5;5;5;5;5;5;5;5
10396042789;4;4;5;4;3;3;3;3;4;3;5;3;4;4;5;2;2;3;2;4;4;4;4;4;4;3
10396042429;5;5;5;5;4;4;5;4;4;4;4;3;5;5;5;2;4;4;5;3;2;3;5;5;4;4
10396041756;3;2;3;3;2;2;2;1;3;3;3;2;4;2;4;4;4;2;3;3;5;2;4;3;4;4
10396039559;4;4;4;4;3;4;4;3;4;3;4;4;4;4;5;3;4;4;4;4;4;4;5;5;5;4
10396038764;4;4;4;5;4;5;4;3;3;4;4;4;4;4;5;4;4;4;4;4;2;5;4;4;4;4
10396037862;3;5;5;5;3;4;4;3;4;5;4;5;5;5;5;4;4;3;4;3;2;2;3;3;4;4
10396037731;4;4;5;5;4;4;4;4;4;4;4;4;5;5;5;4;4;4;4;4;2;4;5;5;5;4
10396035583;5;5;5;5;4;5;4;3;4;5;5;5;5;3;5;4;5;5;5;4;5;4;5;5;4;5
10396035551;3;3;4;5;1;4;3;2;2;2;3;1;3;2;5;2;3;3;3;2;2;3;5;2;5;4
10396035514;2;3;5;5;4;3;1;1;3;1;1;1;3;4;1;2;3;2;2;2;4;3;5;5;5;3
10396035303;4;3;4;4;4;5;3;NA;NA;4;4;4;5;3;5;5;5;4;4;5;4;4;5;4;5;4
10396035228;4;3;3;4;4;3;3;3;4;3;3;4;5;5;4;2;3;3;4;3;3;4;5;5;5;2
10396034890;4;4;4;4;4;4;4;2;3;4;3;3;4;5;5;2;4;4;3;4;4;4;4;5;5;2
10396033703;4;3;4;2;4;4;4;4;5;3;2;5;2;3;5;3;4;5;4;2;5;2;5;4;5;4
10396031418;4;4;4;4;3;4;4;4;4;3;4;3;4;3;4;2;3;3;3;4;3;4;5;4;4;4
10396031254;2;4;4;4;3;3;2;3;4;3;3;3;4;3;5;3;2;3;4;2;2;4;4;2;5;4
10396030818;3;2;5;2;3;2;NA;1;2;2;4;3;2;3;5;2;2;3;3;2;3;4;4;4;3;4
10396029493;5;4;5;5;3;3;5;4;3;5;4;3;4;4;4;4;4;4;3;3;2;3;2;3;3;3
10396028846;4;3;3;4;4;1;3;4;3;5;3;4;4;5;4;5;4;4;2;3;3;2;5;5;5;2
10396028762;4;3;5;3;3;3;3;3;3;3;3;3;3;3;4;3;4;4;3;3;3;2;2;2;3;4
10396025445;NA;4;5;5;3;4;4;2;1;4;4;3;4;4;5;4;4;4;4;2;2;2;4;4;4;4
10396019740;5;5;5;5;3;3;4;2;5;4;4;4;4;3;4;5;4;4;3;5;5;5;5;3;4;4
10390531999;4;4;4;4;3;3;4;2;2;3;3;4;4;3;4;4;3;4;3;3;3;3;3;4;4;4
10390124497;4;4;5;5;3;4;4;3;4;4;5;3;4;3;5;4;5;4;4;4;4;3;4;4;4;5
10389989096;4;3;5;4;3;4;3;3;3;4;4;3;4;3;5;4;4;3;4;3;2;3;3;2;2;4
10389557801;4;4;3;4;4;4;4;4;3;4;4;3;4;3;4;3;3;4;4;4;4;4;5;4;4;4
10388538781;4;4;5;4;4;1;5;4;4;4;4;4;5;4;5;2;4;5;4;4;2;4;5;4;5;4
10388424028;4;4;4;5;3;4;4;1;4;4;3;5;5;4;5;3;4;4;4;4;4;4;4;4;4;4
10388405500;5;4;5;5;5;5;4;3;5;5;4;5;5;4;5;5;5;5;5;5;4;5;5;5;5;5
10388363907;4;4;5;5;4;5;4;2;3;4;4;3;5;4;4;4;4;4;4;4;4;4;4;4;4;5
10388360876;4;4;5;4;3;4;5;3;3;5;3;4;4;3;5;3;4;4;4;3;4;3;4;4;3;4
10384259442;4;4;4;5;3;3;3;3;3;3;4;5;4;3;4;4;2;4;3;2;2;5;4;4;4;3
10375739729;4;4;4;5;4;5;4;3;4;4;5;4;5;4;5;4;5;5;5;4;4;4;4;5;5;5
10375628791;4;2;2;2;3;3;3;4;4;2;3;2;4;1;1;3;2;2;2;2;5;2;4;5;5;1
10375578789;5;5;5;5;5;5;4;4;4;4;4;4;4;4;5;5;5;5;5;5;4;5;5;4;5;5
10373863411;4;2;4;2;2;4;4;4;3;3;4;3;5;4;4;5;3;3;3;3;2;3;5;5;4;3
10373810642;2;2;4;4;2;2;2;1;1;3;4;1;2;1;4;2;2;2;2;2;5;5;5;5;2;2
10373708588;4;4;5;4;4;5;4;5;2;5;5;3;4;4;5;4;5;5;5;5;5;4;5;2;2;5
10373365203;4;4;4;2;4;5;4;4;3;5;3;5;4;3;4;5;4;3;5;4;3;4;4;3;4;4
10373104816;4;NA;5;4;3;4;4;3;4;4;4;3;4;3;3;4;4;3;4;3;4;3;2;4;4;4
10372770150;3;2;3;2;2;3;2;2;2;2;5;1;2;3;5;3;2;2;2;2;5;2;2;3;2;2
10372659706;4;4;4;3;2;4;2;2;3;3;3;1;3;2;2;2;3;4;3;3;2;3;4;2;3;1
10372617149;4;4;5;4;1;2;5;4;5;4;2;3;2;2;5;2;3;4;2;2;2;2;5;3;2;4
10372612929;4;3;4;4;4;3;3;3;3;3;4;3;4;5;4;4;3;3;4;3;3;2;5;2;4;3
