ID;longstring;irv;mahalanobis;fail_longstring;fail_irv;fail_mahalanobis
10441016017;3;1,474396877996611;49,83383171017513;FALSE;FALSE;FALSE
10440981694;5;0,662164283589457;13,60179561394266;FALSE;FALSE;FALSE
10440601239;6;1,468122820265599;73,56640488658415;FALSE;FALSE;FALSE
10440562981;9;1,294366491912015;25,66312896378912;FALSE;FALSE;FALSE
10440358563;8;1,476482306023340;32,36893354753081;FALSE;FALSE;FALSE
10440199369;10;0,945434373103789;6,92332020997259;FALSE;FALSE;FALSE
10438952564;6;0,951112708681460;40,01892369180779;FALSE;FALSE;FALSE
10438951127;3;1,061203960675725;24,45548583760987;FALSE;FALSE;FALSE
10438633244;3;0,856648208920181;41,02395849083987;FALSE;FALSE;FALSE
10438605204;5;1,092632671050136;11,94715586998134;FALSE;FALSE;FALSE
10438555688;4;0,904688641722410;23,45781939382031;FALSE;FALSE;FALSE
10438426616;5;0,663324958071080;20,36170095586264;FALSE;FALSE;FALSE
10438410747;3;0,935619909677330;21,90587020658394;FALSE;FALSE;FALSE
10438330592;4;0,989949493661167;46,73446647160526;FALSE;FALSE;FALSE
10438253840;6;0,711444900293653;20,66268755773295;FALSE;FALSE;FALSE
10438244838;9;1,210212950110593;16,87049194445192;FALSE;FALSE;FALSE
10437932648;4;0,702741882803461;12,71307712622409;FALSE;FALSE;FALSE
10437851519;4;1,070585749089650;19,45532290010382;FALSE;FALSE;FALSE
10437739424;4;0,874422886603150;24,05470225900470;FALSE;FALSE;FALSE
10437660060;9;0,992277876713668;15,49708927644944;FALSE;FALSE;FALSE
10437406920;3;0,992277876713668;17,41218145264983;FALSE;FALSE;FALSE
10437107325;5;0,761577310586391;26,26087355909629;FALSE;FALSE;FALSE
10436574123;3;1,031802008437367;53,15188425653160;FALSE;FALSE;FALSE
10436558733;5;0,811456430414806;23,47234073255896;FALSE;FALSE;FALSE
10436460608;5;1,189699380257305;28,73945380043227;FALSE;FALSE;FALSE
10436314320;5;1,032547260978327;36,79477928381699;FALSE;FALSE;FALSE
10436225280;9;1,366072416145589;26,41147620785157;FALSE;FALSE;FALSE
10436203464;6;1,265519048271681;10,29070677649269;FALSE;FALSE;FALSE
10436156058;4;1,164209867414211;65,54505858781917;FALSE;FALSE;FALSE
10436150258;4;0,982931251997741;39,79816558779739;FALSE;FALSE;FALSE
10435879845;5;0,935619909677330;12,44173698622455;FALSE;FALSE;FALSE
10435863659;3;0,951112708681460;21,97706242822183;FALSE;FALSE;FALSE
10435630308;4;1,207667809648638;34,99132815580902;FALSE;FALSE;FALSE
10435527041;5;1,306198241521495;95,08147713186369;FALSE;FALSE;TRUE
10435406111;3;0,752431954500768;14,31028789619013;FALSE;FALSE;FALSE
10435354106;5;1,131370849898476;28,01403470584012;FALSE;FALSE;FALSE
10435336690;4;1,055389100685692;27,65153475199942;FALSE;FALSE;FALSE
10435179651;6;0,724303378851283;14,49418361796765;FALSE;FALSE;FALSE
10435102033;4;1,343359737603962;47,42852248393519;FALSE;FALSE;FALSE
10435043872;4;0,897860705317838;9,69249972099784;FALSE;FALSE;FALSE
10435010223;4;0,970329048075168;27,77808457908890;FALSE;FALSE;FALSE
10434768498;6;0,938902796640026;14,90317818449185;FALSE;FALSE;FALSE
10434726796;11;0,982931251997741;22,49757479917747;FALSE;FALSE;FALSE
10434724546;4;0,860232526704263;15,76135214040306;FALSE;FALSE;FALSE
10434392442;6;1,028815599833876;15,94868583865812;FALSE;FALSE;FALSE
10434365604;2;1,185164707800306;47,54423548927340;FALSE;FALSE;FALSE
10434217408;5;1,134087230398899;24,49206338333009;FALSE;FALSE;FALSE
10434137035;5;1,134087230398899;29,36466182890387;FALSE;FALSE;FALSE
10434060438;3;1,230384555269674;47,12365064601467;FALSE;FALSE;FALSE
10434015442;4;1,070585749089650;40,31381944237767;FALSE;FALSE;FALSE
10433972348;6;1,215920037856741;8,70330898111567;FALSE;FALSE;FALSE
10433935087;7;0,600000000000000;16,41692905311502;FALSE;FALSE;FALSE
10433882609;3;0,707106781186548;7,42787457137763;FALSE;FALSE;FALSE
10433817526;5;0,849434200829271;21,05585800497841;FALSE;FALSE;FALSE
10433720363;4;1,032547260978327;28,05768286408249;FALSE;FALSE;FALSE
10433355776;3;1,129329276776537;29,84839736520947;FALSE;FALSE;FALSE
10433307352;3;0,992277876713668;36,04047191650010;FALSE;FALSE;FALSE
10433188613;2;0,941357448663283;18,28411457802795;FALSE;FALSE;FALSE
10433123998;4;0,710362854191704;19,33445849577272;FALSE;FALSE;FALSE
10433051610;3;0,976650476806392;29,94843155319265;FALSE;FALSE;FALSE
10433008526;4;0,627571632442189;14,04638781760350;FALSE;FALSE;FALSE
10432933955;7;1,166190378969060;33,49882392598031;FALSE;FALSE;FALSE
10432870055;4;0,941357448663283;27,11495315743050;FALSE;FALSE;FALSE
10432817924;3;0,808607540062640;9,82714216493195;FALSE;FALSE;FALSE
10432791956;4;1,182565659260211;54,69413914489949;FALSE;FALSE;FALSE
10432778225;10;1,002305035712874;16,48615919704536;FALSE;FALSE;FALSE
10432776660;21;0,977437780825263;5,36597600184640;TRUE;FALSE;FALSE
10432736829;6;0,993052791222021;39,91615680821430;FALSE;FALSE;FALSE
10432735450;4;1,230384555269674;15,23408355821256;FALSE;FALSE;FALSE
10432729612;4;0,908930055699472;33,44950061578384;FALSE;FALSE;FALSE
10432696146;3;0,880559262846411;19,48965915630864;FALSE;FALSE;FALSE
10432626890;14;0,724303378851283;6,28989478991048;TRUE;FALSE;FALSE
10432613091;6;1,123182292211937;14,67630135824936;FALSE;FALSE;FALSE
10432606334;2;1,202561368976172;25,17306878093613;FALSE;FALSE;FALSE
10432517607;4;1,290994448735806;39,66087528224548;FALSE;FALSE;FALSE
10432516145;5;1,427747014866968;22,41569038525698;FALSE;FALSE;FALSE
10432504217;3;0,915675454766337;21,08166054503199;FALSE;FALSE;FALSE
10432501269;3;1,174079017128548;39,76033890887072;FALSE;FALSE;FALSE
10432460605;4;1,016782254883588;38,14297283111141;FALSE;FALSE;FALSE
10432368808;2;1,176696810829104;34,92809508751314;FALSE;FALSE;FALSE
10432338283;6;0,961569230276939;12,65599551810016;FALSE;FALSE;FALSE
10432307861;3;0,752431954500768;30,62435924995011;FALSE;FALSE;FALSE
10432307052;4;1,257592327242204;18,27043097486279;FALSE;FALSE;FALSE
10432195786;4;1,055389100685692;23,07424223458142;FALSE;FALSE;FALSE
10432157506;3;0,688364840652218;16,84168670783119;FALSE;FALSE;FALSE
10432155626;3;0,908930055699472;29,83198355778984;FALSE;FALSE;FALSE
10432119400;5;1,002305035712874;14,79101067383131;FALSE;FALSE;FALSE
10432081764;5;0,856648208920181;19,23657490313980;FALSE;FALSE;FALSE
10432065931;2;1,058300524425836;35,55223368453611;FALSE;FALSE;FALSE
10432065836;5;0,788377106173474;16,98097624884720;FALSE;FALSE;FALSE
10431996089;3;1,140175425099138;27,86367803629941;FALSE;FALSE;FALSE
10431823143;6;0,945434373103789;16,15347022390156;FALSE;FALSE;FALSE
10431817947;5;0,880559262846411;14,97860437256752;FALSE;FALSE;FALSE
10431809799;4;0,803836952468500;9,69941679810809;FALSE;FALSE;FALSE
10431802993;3;1,176696810829104;28,34564184563638;FALSE;FALSE;FALSE
10431785671;3;1,282425586385185;37,33355198929030;FALSE;FALSE;FALSE
10431765247;11;0,392232270276368;17,42165660368998;FALSE;TRUE;FALSE
10431759139;9;1,265519048271681;12,79707008082906;FALSE;FALSE;FALSE
10431727479;5;1,079173472902010;41,01086950507061;FALSE;FALSE;FALSE
10431724583;5;1,142197611893574;21,03661597141684;FALSE;FALSE;FALSE
10431711908;10;0,533493565673837;16,48344333959511;FALSE;TRUE;FALSE
10431701550;3;0,979795897113271;29,71782987798669;FALSE;FALSE;FALSE
10431700660;4;1,066987131347674;20,17450820303678;FALSE;FALSE;FALSE
10431698899;8;1,010711858809652;11,81777842875141;FALSE;FALSE;FALSE
10431698093;9;1,275207373784298;25,45262421118108;FALSE;FALSE;FALSE
10431697839;23;0,400000000000000;12,41842984157653;TRUE;TRUE;FALSE
10431694827;5;0,797110165149470;39,07072713633698;FALSE;FALSE;FALSE
10431662945;4;1,158248013828844;17,60497284212307;FALSE;FALSE;FALSE
10431662225;10;0,811456430414806;5,71043756158492;FALSE;FALSE;FALSE
10431656950;5;0,752431954500768;14,39593022851450;FALSE;FALSE;FALSE
10431655338;3;1,202561368976172;21,72349800237382;FALSE;FALSE;FALSE
10431650146;3;0,941357448663283;26,80848924492948;FALSE;FALSE;FALSE
10431650074;5;0,752431954500768;19,28167324419377;FALSE;FALSE;FALSE
10431645190;3;1,306198241521495;18,27769195439931;FALSE;FALSE;FALSE
10431620977;4;0,837578928542535;29,16774616434364;FALSE;FALSE;FALSE
10431619686;3;0,707106781186548;29,27118179970352;FALSE;FALSE;FALSE
10431617366;2;1,306198241521495;50,62540204662258;FALSE;FALSE;FALSE
10431613448;3;0,731699812344253;20,14394697259943;FALSE;FALSE;FALSE
10431609875;4;1,055389100685692;27,38198335663330;FALSE;FALSE;FALSE
10431606358;4;1,205755428702751;29,38197939353520;FALSE;FALSE;FALSE
10431605749;3;1,016782254883588;21,27762158229650;FALSE;FALSE;FALSE
10431592800;4;0,970329048075168;15,07353384066412;FALSE;FALSE;FALSE
10431587890;10;0,945434373103789;6,69509645554757;FALSE;FALSE;FALSE
10431585916;7;1,070585749089650;17,19384184251354;FALSE;FALSE;FALSE
10431585782;9;1,049542024665264;9,72360831168814;FALSE;FALSE;FALSE
10431561746;3;1,098250356773831;21,25651683032076;FALSE;FALSE;FALSE
10431555663;4;0,928190961784514;15,41170381380512;FALSE;FALSE;FALSE
10431508768;6;0,706018086497463;18,46808349407788;FALSE;FALSE;FALSE
10431480943;4;1,045625809423875;41,21267628615198;FALSE;FALSE;FALSE
10431480279;6;0,970329048075168;13,39592108879171;FALSE;FALSE;FALSE
10431477546;6;0,706018086497463;15,52983326266565;FALSE;FALSE;FALSE
10431452233;6;0,612686392361227;11,71638071390783;FALSE;FALSE;FALSE
10431447324;4;0,938902796640026;21,80304019022108;FALSE;FALSE;FALSE
10431434106;4;0,862167810425171;25,94014275699548;FALSE;FALSE;FALSE
10431425238;3;0,904688641722410;20,00248616766152;FALSE;FALSE;FALSE
10431325394;3;0,706018086497463;23,22891594786511;FALSE;FALSE;FALSE
10431295134;3;1,248999599679680;64,44373709729723;FALSE;FALSE;FALSE
10431083570;4;1,282425586385185;61,94160794893604;FALSE;FALSE;FALSE
10431081415;3;1,282425586385185;48,74406743586129;FALSE;FALSE;FALSE
10430970939;6;1,157583690279023;15,93478825232884;FALSE;FALSE;FALSE
10430968783;3;1,101746864686328;16,46864771688134;FALSE;FALSE;FALSE
10430908587;4;1,478564792680336;83,04854940938732;FALSE;FALSE;TRUE
10430899208;5;0,863801971607987;16,70700235634062;FALSE;FALSE;FALSE
10430879129;6;1,038490028099230;24,59458088772512;FALSE;FALSE;FALSE
10430875321;4;1,112861868545031;22,69413106873242;FALSE;FALSE;FALSE
10430873015;5;1,166849802476078;38,58064177448245;FALSE;FALSE;FALSE
10430871931;6;1,148242804663516;14,46535113549149;FALSE;FALSE;FALSE
10430840951;21;0,884046639911301;5,39201784767222;TRUE;FALSE;FALSE
10430829779;3;1,101746864686328;21,14376087413344;FALSE;FALSE;FALSE
10430807384;3;1,128647931751152;42,96266537720943;FALSE;FALSE;FALSE
10430800061;5;1,092632671050136;31,60338331549644;FALSE;FALSE;FALSE
10430799975;3;1,505374985229211;87,64557256627667;FALSE;TRUE;TRUE
10430790978;8;0,761577310586391;13,00027909824361;FALSE;FALSE;FALSE
10430787828;3;0,986836437230686;19,58844468429582;FALSE;FALSE;FALSE
10430786467;9;0,632455532033676;16,73613928328851;FALSE;FALSE;FALSE
10430780342;3;0,982931251997741;31,97970691980237;FALSE;FALSE;FALSE
10430778231;9;1,787133501965131;80,65973416188464;FALSE;TRUE;TRUE
10430748046;4;0,897860705317838;24,25015949188306;FALSE;FALSE;FALSE
10430738851;4;0,880559262846411;23,58502997061663;FALSE;FALSE;FALSE
10430726856;8;1,142197611893574;43,77766037196803;FALSE;FALSE;FALSE
10430709291;4;0,935619909677330;13,73399467673227;FALSE;FALSE;FALSE
10430704335;6;1,177350349791364;9,44933366173711;FALSE;FALSE;FALSE
10430697118;3;0,938083151964686;29,71668596839782;FALSE;FALSE;FALSE
10430694004;4;0,935619909677330;27,98242606145718;FALSE;FALSE;FALSE
10430690663;4;0,919029588541840;35,31962984038958;FALSE;FALSE;FALSE
10430681272;6;0,598716576070463;9,45308570927251;FALSE;FALSE;FALSE
10430669337;4;1,270372446901362;29,18747898475752;FALSE;FALSE;FALSE
10430660175;10;0,919029588541840;14,94879138044374;FALSE;FALSE;FALSE
10430649284;2;1,101746864686328;28,43131643380254;FALSE;FALSE;FALSE
10430646515;5;1,349643827659158;42,58740393773998;FALSE;FALSE;FALSE
10430636534;6;1,172111835042268;40,78016807260087;FALSE;FALSE;FALSE
10430605540;3;1,185164707800306;15,17054785484294;FALSE;FALSE;FALSE
10430600405;5;0,891843380524078;7,70424526065291;FALSE;FALSE;FALSE
10430594077;4;1,286617509357235;20,67189356380223;FALSE;FALSE;FALSE
10430586602;2;1,002305035712874;33,83844465849079;FALSE;FALSE;FALSE
10430577946;9;0,693929723775010;20,41537251915086;FALSE;FALSE;FALSE
10430569669;14;0,344182420326109;9,33510915130270;TRUE;TRUE;FALSE
10430568688;7;1,378962820941327;70,42939756823149;FALSE;FALSE;FALSE
10430564992;3;1,155588428197780;22,75651614716367;FALSE;FALSE;FALSE
10430560574;5;1,022816623913518;13,16490752764075;FALSE;FALSE;FALSE
10430553519;3;1,142197611893574;21,56158101875406;FALSE;FALSE;FALSE
10430544161;4;0,979795897113271;30,07658349918956;FALSE;FALSE;FALSE
10430540012;7;0,919029588541840;8,15396682145032;FALSE;FALSE;FALSE
10430531719;6;1,265519048271681;35,70876457569787;FALSE;FALSE;FALSE
10430529071;5;1,200640854518312;37,59895105587222;FALSE;FALSE;FALSE
10430528428;4;0,961569230276939;17,95703341642044;FALSE;FALSE;FALSE
10430523214;4;1,166849802476078;45,64517390753152;FALSE;FALSE;FALSE
10430519788;2;1,372812945967288;83,65664961324622;FALSE;FALSE;TRUE
10430517821;13;0,735892968806240;8,65629002760268;FALSE;FALSE;FALSE
10430501440;4;1,174734012447073;43,66651536436154;FALSE;FALSE;FALSE
10430501401;3;0,977437780825263;47,90861650123985;FALSE;FALSE;FALSE
10430489382;7;1,128647931751152;12,58522992052947;FALSE;FALSE;FALSE
10430487419;4;1,177350349791364;12,90030873735606;FALSE;FALSE;FALSE
10430482890;4;0,859337848847319;11,29207129922693;FALSE;FALSE;FALSE
10430469718;4;0,702741882803461;24,79376951254353;FALSE;FALSE;FALSE
10430463173;6;1,010711858809652;15,84813095179278;FALSE;FALSE;FALSE
10430461676;4;0,904688641722410;22,94760897744554;FALSE;FALSE;FALSE
10430460750;4;0,938083151964686;18,41439487333355;FALSE;FALSE;FALSE
10430456219;5;0,648074069840786;15,65127131923735;FALSE;FALSE;FALSE
10430452312;6;1,232882800593795;10,57582330491424;FALSE;FALSE;FALSE
10430450824;9;1,243444347831396;14,76039630240928;FALSE;FALSE;FALSE
10430449367;4;1,020557916797700;33,01411108741716;FALSE;FALSE;FALSE
10430448718;3;1,002305035712874;40,11181812661523;FALSE;FALSE;FALSE
10430439285;3;1,296741478297992;21,97403453895338;FALSE;FALSE;FALSE
10430432155;5;1,076318511622623;18,63366417313371;FALSE;FALSE;FALSE
10430430687;3;0,958363990591017;20,80380375421451;FALSE;FALSE;FALSE
10430428960;5;1,079173472902010;11,97850704098083;FALSE;FALSE;FALSE
10430422428;5;0,902134221635647;26,88264345717744;FALSE;FALSE;FALSE
10430421233;4;0,837578928542535;17,67230817178172;FALSE;FALSE;FALSE
10430414322;3;1,070585749089650;19,38137820276393;FALSE;FALSE;FALSE
10430413380;7;1,061203960675725;10,82407081616004;FALSE;FALSE;FALSE
10430408078;5;0,880559262846411;23,35797613364976;FALSE;FALSE;FALSE
10430407908;3;0,815239464584109;38,11977663950807;FALSE;FALSE;FALSE
10430400675;4;1,235375993839060;35,73480018680140;FALSE;FALSE;FALSE
10430400453;4;1,022816623913518;16,76530180681185;FALSE;FALSE;FALSE
10430395107;10;1,032547260978327;10,54672665895203;FALSE;FALSE;FALSE
10430390468;3;1,022816623913518;22,29397075132479;FALSE;FALSE;FALSE
10430389142;6;1,189699380257305;21,41400962865073;FALSE;FALSE;FALSE
10430388341;7;0,999230473144979;23,47079302320037;FALSE;FALSE;FALSE
10430385336;4;0,720042733774558;22,62265045881244;FALSE;FALSE;FALSE
10430381957;3;1,172111835042268;24,46763049293380;FALSE;FALSE;FALSE
10430372223;8;0,908930055699472;6,33115486078719;FALSE;FALSE;FALSE
10430369761;3;1,142870879038330;14,87300835263620;FALSE;FALSE;FALSE
10430368985;5;0,890980445265862;17,40828642328807;FALSE;FALSE;FALSE
10430365138;9;0,977437780825263;17,71827038455008;FALSE;FALSE;FALSE
10430365103;3;1,155588428197780;25,30815411848123;FALSE;FALSE;FALSE
10430362207;3;1,222859196876163;20,42535158748533;FALSE;FALSE;FALSE
10430360124;5;0,800960961307392;7,96438247069942;FALSE;FALSE;FALSE
10430359041;9;1,115623316633076;9,08681993681150;FALSE;FALSE;FALSE
10430357633;3;1,020557916797700;17,49534849891196;FALSE;FALSE;FALSE
10430354176;4;1,038490028099230;39,37623317481300;FALSE;FALSE;FALSE
10430353901;3;0,884046639911301;33,99232777460625;FALSE;FALSE;FALSE
10430353252;3;0,967152839723182;30,74441240645598;FALSE;FALSE;FALSE
10430352862;10;0,816182483366218;8,46635018898942;FALSE;FALSE;FALSE
10430352185;4;0,880559262846411;23,62311246404794;FALSE;FALSE;FALSE
10430348866;3;0,784464540552736;21,75673858367307;FALSE;FALSE;FALSE
10430348263;6;1,131370849898476;14,49231596685240;FALSE;FALSE;FALSE
10430348177;2;1,026570092027892;46,94235193559936;FALSE;FALSE;FALSE
10430347473;3;1,066987131347674;15,91633508189402;FALSE;FALSE;FALSE
10430347233;3;1,070585749089650;26,79217414820419;FALSE;FALSE;FALSE
10430347067;8;1,158248013828844;20,21715416366092;FALSE;FALSE;FALSE
10430346079;7;0,908930055699472;32,11183159821353;FALSE;FALSE;FALSE
10430345477;4;0,784464540552736;19,52792573373700;FALSE;FALSE;FALSE
10430344757;7;1,056117709057383;11,46684834789455;FALSE;FALSE;FALSE
10430344143;5;1,174734012447073;37,60804705763525;FALSE;FALSE;FALSE
10430344049;4;1,032547260978327;39,06983736658356;FALSE;FALSE;FALSE
10430343868;5;1,083205120618128;39,40443796630446;FALSE;FALSE;FALSE
10430340365;3;0,863801971607987;22,01914992509951;FALSE;FALSE;FALSE
10430340126;4;0,760566590418971;28,36192572447847;FALSE;FALSE;FALSE
10430339999;2;1,257592327242204;51,99187289930049;FALSE;FALSE;FALSE
10430339464;9;0,803836952468500;13,32702402149655;FALSE;FALSE;FALSE
10430339334;11;0,934797386520819;12,39371912663205;FALSE;FALSE;FALSE
10430337253;3;1,218447940872069;56,67016319616936;FALSE;FALSE;FALSE
10430335934;4;1,150919364949337;18,56034733098755;FALSE;FALSE;FALSE
10430335767;6;1,289006773270979;10,61668953133926;FALSE;FALSE;FALSE
10430335011;4;0,796144555872961;26,79618085558289;FALSE;FALSE;FALSE
10430333119;15;0,612686392361227;16,82770360928312;TRUE;FALSE;FALSE
10425170040;2;1,120439474217423;46,04545396689964;FALSE;FALSE;FALSE
10425139393;11;1,282425586385185;12,73719694608807;FALSE;FALSE;FALSE
10425137653;4;1,055389100685692;19,97812749889308;FALSE;FALSE;FALSE
10425031666;3;1,386195679382410;27,83685436671515;FALSE;FALSE;FALSE
10424948560;3;1,046606237027381;48,85568940541374;FALSE;FALSE;FALSE
10424837808;5;1,239448217578278;42,07655050675447;FALSE;FALSE;FALSE
10424796841;6;0,880559262846411;28,27690051705265;FALSE;FALSE;FALSE
10424794291;9;1,231009591914139;12,58936038603528;FALSE;FALSE;FALSE
10424762554;4;1,155588428197780;42,63086932982461;FALSE;FALSE;FALSE
10424747798;7;0,860232526704263;10,38460799102959;FALSE;FALSE;FALSE
10424696480;4;1,032547260978327;14,25809157702065;FALSE;FALSE;FALSE
10424691718;6;0,757526338714473;11,43733679767899;FALSE;FALSE;FALSE
10424623117;4;1,306198241521495;15,40328528713501;FALSE;FALSE;FALSE
10424618832;3;0,947872110815345;17,46050747287010;FALSE;FALSE;FALSE
10424571319;3;0,915675454766337;16,52236233146765;FALSE;FALSE;FALSE
10424478719;7;1,002305035712874;15,82664738583123;FALSE;FALSE;FALSE
10424293585;3;1,076318511622623;44,40803990861304;FALSE;FALSE;FALSE
10424256785;3;0,816182483366218;23,23852333125344;FALSE;FALSE;FALSE
10424155505;6;1,177350349791364;55,03642454281460;FALSE;FALSE;FALSE
10424128470;3;1,210848399327449;48,93872076114523;FALSE;FALSE;FALSE
10424096573;2;1,064822123101391;26,70911383195238;FALSE;FALSE;FALSE
10424008937;2;1,155588428197780;39,24096903372342;FALSE;FALSE;FALSE
10423973940;4;1,158248013828844;50,25146202232683;FALSE;FALSE;FALSE
10423971686;3;1,210848399327449;26,89345322836362;FALSE;FALSE;FALSE
10423872273;4;0,844894167245906;22,81165977557220;FALSE;FALSE;FALSE
10423866118;4;1,066987131347674;45,46867437465504;FALSE;FALSE;FALSE
10423860045;7;1,086985952778812;22,49322065379679;FALSE;FALSE;FALSE
10423856757;4;0,961569230276939;18,11427958321125;FALSE;FALSE;FALSE
10423856249;4;0,980580675690920;22,94938703040709;FALSE;FALSE;FALSE
10423853437;4;1,134087230398899;47,72731171628375;FALSE;FALSE;FALSE
10423815008;3;1,182565659260211;41,97411805761333;FALSE;FALSE;FALSE
10423797468;5;0,763762615825973;18,14436267915234;FALSE;FALSE;FALSE
10423794371;5;0,908083357746074;46,91809725982797;FALSE;FALSE;FALSE
10423794342;5;1,240967364599086;46,19614320481894;FALSE;FALSE;FALSE
10423774331;3;0,919029588541840;23,38391539890157;FALSE;FALSE;FALSE
10423763541;8;0,845804123532521;7,52283967713947;FALSE;FALSE;FALSE
10423760087;5;1,028815599833876;9,03303178711809;FALSE;FALSE;FALSE
10423753739;5;0,951112708681460;15,47823467543992;FALSE;FALSE;FALSE
10423748652;4;1,163548947765479;12,55758169296240;FALSE;FALSE;FALSE
10423706880;6;0,811456430414806;8,93347888459706;FALSE;FALSE;FALSE
10423706579;4;0,969535971483266;37,57732513455510;FALSE;FALSE;FALSE
10423702098;3;0,800960961307392;24,81300884962950;FALSE;FALSE;FALSE
10423697982;5;0,706018086497463;18,58549545974160;FALSE;FALSE;FALSE
10423658194;6;0,808607540062640;28,72419005504528;FALSE;FALSE;FALSE
10423637378;5;0,982931251997741;13,23371948246821;FALSE;FALSE;FALSE
10423608419;5;0,863801971607987;17,10005646029355;FALSE;FALSE;FALSE
10423587809;7;1,132050556087696;46,10481857179590;FALSE;FALSE;FALSE
10423583923;4;0,941357448663283;45,33744421375673;FALSE;FALSE;FALSE
10423575217;6;0,760566590418971;22,47633025026166;FALSE;FALSE;FALSE
10423565839;8;0,697247334992287;10,35795610519028;FALSE;FALSE;FALSE
10423536149;6;0,904688641722410;13,28503524175614;FALSE;FALSE;FALSE
10423281364;3;1,174079017128548;29,29122868695118;FALSE;FALSE;FALSE
10423111789;6;0,757526338714473;10,77287300977896;FALSE;FALSE;FALSE
10423006901;3;0,977437780825263;29,86429701086698;FALSE;FALSE;FALSE
10422935886;6;0,905538513813742;13,42509247347748;FALSE;FALSE;FALSE
10422921381;3;1,177350349791364;38,31514896048148;FALSE;FALSE;FALSE
10422909745;7;0,938902796640026;13,53367262913608;FALSE;FALSE;FALSE
10422909165;4;1,112861868545031;37,06922434706534;FALSE;FALSE;FALSE
10422891013;4;0,905538513813742;24,76801123286180;FALSE;FALSE;FALSE
10422859444;8;0,748331477354788;15,38031034929380;FALSE;FALSE;FALSE
10422856478;11;1,598075765990510;37,64552210842905;FALSE;TRUE;FALSE
10422842906;17;1,471785937612480;20,29951555728842;TRUE;FALSE;FALSE
10422819225;4;0,970329048075168;27,26560849747239;FALSE;FALSE;FALSE
10422794986;3;1,263085355541982;30,16413725692355;FALSE;FALSE;FALSE
10422766782;5;1,210848399327449;17,07935044261143;FALSE;FALSE;FALSE
10422764322;9;1,010711858809652;9,04779443944991;FALSE;FALSE;FALSE
10422699355;4;1,020557916797700;32,22257090923915;FALSE;FALSE;FALSE
10422679302;4;1,440085467549115;60,10473649147205;FALSE;FALSE;FALSE
10422675198;4;0,951921134419152;18,67025192085691;FALSE;FALSE;FALSE
10422667703;5;1,022816623913518;40,36132587169459;FALSE;FALSE;FALSE
10422615677;4;0,992277876713668;27,07070808070592;FALSE;FALSE;FALSE
10422575082;3;1,324328567178913;39,92992921266388;FALSE;FALSE;FALSE
10422532419;3;0,744208407535251;23,65612595459078;FALSE;FALSE;FALSE
10422517857;4;0,845804123532521;33,13562323460564;FALSE;FALSE;FALSE
10422448486;4;0,870896973505786;20,27872392804938;FALSE;FALSE;FALSE
10422446509;2;1,093336460283208;28,01092537795762;FALSE;FALSE;FALSE
10422444590;3;0,961569230276939;35,36083189545182;FALSE;FALSE;FALSE
10422421075;4;0,815239464584109;32,88970098865213;FALSE;FALSE;FALSE
10422362799;4;1,275207373784298;19,05933734433185;FALSE;FALSE;FALSE
10422321374;4;0,859337848847319;5,93206283356990;FALSE;FALSE;FALSE
10422305764;7;1,098250356773831;14,23975234263950;FALSE;FALSE;FALSE
10422301370;4;1,115623316633076;33,26912954316426;FALSE;FALSE;FALSE
10422272853;4;0,797110165149470;24,17085636413047;FALSE;FALSE;FALSE
10422087345;5;0,884046639911301;22,66819185771996;FALSE;FALSE;FALSE
10422050936;9;1,198075379675509;13,19217986041983;FALSE;FALSE;FALSE
10421999764;4;0,735892968806240;13,36214654822624;FALSE;FALSE;FALSE
10421971563;7;0,803836952468500;8,01036472167854;FALSE;FALSE;FALSE
10421966697;6;0,912870929175277;34,97609083209465;FALSE;FALSE;FALSE
10421869178;10;1,079173472902010;12,27455636564923;FALSE;FALSE;FALSE
10421729414;3;1,092632671050136;12,45695020789752;FALSE;FALSE;FALSE
10421648304;16;1,303250374433684;7,72309407394858;TRUE;FALSE;FALSE
10421632891;3;0,890980445265862;17,16213943547461;FALSE;FALSE;FALSE
10421623812;3;1,218447940872069;66,70284298441020;FALSE;FALSE;FALSE
10421622624;3;0,724303378851283;26,94353786496014;FALSE;FALSE;FALSE
10421563580;4;1,210212950110593;68,48095372694543;FALSE;FALSE;FALSE
10421556589;5;1,243444347831396;42,84374679460635;FALSE;FALSE;FALSE
10421542394;4;1,067707825203131;11,97162517856320;FALSE;FALSE;FALSE
10421535472;2;1,200640854518312;54,08864114666837;FALSE;FALSE;FALSE
10421513588;11;0,543492976389406;17,69536859192596;FALSE;TRUE;FALSE
10421477974;3;1,257592327242204;31,90859033964471;FALSE;FALSE;FALSE
10421475600;3;1,288409872672513;64,20274469417636;FALSE;FALSE;FALSE
10421465227;3;1,032547260978327;26,69822319456079;FALSE;FALSE;FALSE
10421442333;4;1,306198241521495;53,54975983835860;FALSE;FALSE;FALSE
10421442332;9;1,096147098494751;13,74995520632940;FALSE;FALSE;FALSE
10421440828;5;1,142870879038330;9,28390197043185;FALSE;FALSE;FALSE
10421423979;6;0,706018086497463;13,13859112259830;FALSE;FALSE;FALSE
10421376858;6;0,947872110815345;10,01627569735820;FALSE;FALSE;FALSE
10421376716;4;1,093336460283208;34,58504667418266;FALSE;FALSE;FALSE
10421374841;4;0,982931251997741;7,30687982766298;FALSE;FALSE;FALSE
10421371676;5;1,069866993890074;22,63853423531682;FALSE;FALSE;FALSE
10421357178;5;1,200000000000000;46,86484826436990;FALSE;FALSE;FALSE
10421347809;9;0,784464540552736;7,37821985274633;FALSE;FALSE;FALSE
10421336316;6;1,213809430402208;13,83564946205076;FALSE;FALSE;FALSE
10421323593;7;1,096147098494751;15,12465522548836;FALSE;FALSE;FALSE
10421273825;3;1,084151564766023;13,22931646800933;FALSE;FALSE;FALSE
10421269383;7;0,919029588541840;9,74640205947573;FALSE;FALSE;FALSE
10421265172;5;1,210848399327449;34,56430083599273;FALSE;FALSE;FALSE
10421220186;3;1,069866993890074;17,77712746991241;FALSE;FALSE;FALSE
10421196630;5;0,897860705317838;14,99289558582997;FALSE;FALSE;FALSE
10421049798;7;1,150919364949337;17,97802193155691;FALSE;FALSE;FALSE
10421034497;4;0,935619909677330;49,15862569000938;FALSE;FALSE;FALSE
10421026411;3;1,118033988749895;56,31061311482398;FALSE;FALSE;FALSE
10421012620;9;0,628796163621102;21,03688872144673;FALSE;FALSE;FALSE
10420993887;4;1,205755428702751;44,36246169866379;FALSE;FALSE;FALSE
10420991138;5;1,055389100685692;11,51912590395394;FALSE;FALSE;FALSE
10420974813;3;0,951112708681460;27,00240298694220;FALSE;FALSE;FALSE
10420973917;4;0,947872110815345;16,59761112464744;FALSE;FALSE;FALSE
10420964126;10;1,059027129746194;43,32287116829395;FALSE;FALSE;FALSE
10420960380;3;1,334166406412633;43,56571266273343;FALSE;FALSE;FALSE
10420954976;5;0,852146610715460;23,72983997590282;FALSE;FALSE;FALSE
10420951804;4;1,019803902718557;28,75222614968755;FALSE;FALSE;FALSE
10420950824;6;0,735892968806240;14,38590180575362;FALSE;FALSE;FALSE
10420940231;9;0,503831473655779;13,60389295356088;FALSE;TRUE;FALSE
10420932039;7;1,274604010905106;21,21486034656090;FALSE;FALSE;FALSE
10420930364;5;0,797110165149470;8,71492428235064;FALSE;FALSE;FALSE
10420928702;4;1,164209867414211;23,17964630599605;FALSE;FALSE;FALSE
10420894683;4;1,128647931751152;25,68269137792206;FALSE;FALSE;FALSE
10420887555;9;0,891843380524078;7,92469575352381;FALSE;FALSE;FALSE
10420884438;4;1,086985952778812;27,44353424714553;FALSE;FALSE;FALSE
10420876526;6;0,947872110815345;11,73436117829726;FALSE;FALSE;FALSE
10420871361;12;0,565685424949238;19,62272868307578;FALSE;FALSE;FALSE
10420857974;4;1,041448695143157;40,21496822148137;FALSE;FALSE;FALSE
10420849527;4;0,999230473144979;24,35168798353991;FALSE;FALSE;FALSE
10420840463;3;1,168825840813697;32,31498967935166;FALSE;FALSE;FALSE
10420831921;5;1,041448695143157;26,64899959041577;FALSE;FALSE;FALSE
10420827626;2;1,158248013828844;46,74574371844334;FALSE;FALSE;FALSE
10420813747;4;1,324909285719070;27,62792075681669;FALSE;FALSE;FALSE
10420813561;6;1,202561368976172;14,14784336791933;FALSE;FALSE;FALSE
10420783140;13;0,633670625434430;6,92188827975776;FALSE;FALSE;FALSE
10420777772;4;1,230384555269674;18,18747941697232;FALSE;FALSE;FALSE
10420774772;7;0,976650476806392;13,43869459879088;FALSE;FALSE;FALSE
10420757804;4;0,823687767580373;24,48240397638113;FALSE;FALSE;FALSE
10420749678;4;0,938902796640026;32,17177521622179;FALSE;FALSE;FALSE
10420739717;3;1,270372446901362;25,10185265180412;FALSE;FALSE;FALSE
10420735327;5;0,938083151964686;29,91882389565813;FALSE;FALSE;FALSE
10420728368;9;1,026570092027892;15,94806545459110;FALSE;FALSE;FALSE
10420728104;3;0,837578928542535;8,97672192274787;FALSE;FALSE;FALSE
10420685692;4;0,941357448663283;19,29735845044750;FALSE;FALSE;FALSE
10420667420;2;1,090871211463571;48,29240286753364;FALSE;FALSE;FALSE
10420664826;4;1,326649916142160;45,86309554004285;FALSE;FALSE;FALSE
10420663644;3;1,174734012447073;33,83992911763464;FALSE;FALSE;FALSE
10420662173;4;1,200000000000000;20,86136265454547;FALSE;FALSE;FALSE
10420654107;8;1,243444347831396;19,88787741193715;FALSE;FALSE;FALSE
10420643305;4;1,016782254883588;21,40088679110081;FALSE;FALSE;FALSE
10420617699;3;1,086985952778812;36,62867702985342;FALSE;FALSE;FALSE
10420603680;2;1,164209867414211;50,81488245028336;FALSE;FALSE;FALSE
10420602223;13;1,515052677428945;49,90683238881088;FALSE;TRUE;FALSE
10420578633;3;1,129329276776537;26,04981790474785;FALSE;FALSE;FALSE
10420565744;4;0,788377106173474;10,29538018362840;FALSE;FALSE;FALSE
10420565359;7;0,827414880586145;22,50613620529129;FALSE;FALSE;FALSE
10420563860;5;0,778888096369862;6,15092752856554;FALSE;FALSE;FALSE
10420563459;10;1,098250356773831;13,18742570353843;FALSE;FALSE;FALSE
10420552200;14;1,282425586385185;25,17439162034347;TRUE;FALSE;FALSE
10420529386;7;1,017538508059825;23,19501266408961;FALSE;FALSE;FALSE
10420525979;3;0,999230473144979;33,84477200090412;FALSE;FALSE;FALSE
10420515213;6;0,849434200829271;22,48213476176665;FALSE;FALSE;FALSE
10420512985;3;0,945434373103789;21,72292278963869;FALSE;FALSE;FALSE
10420509995;4;0,693929723775010;15,98524488936076;FALSE;FALSE;FALSE
10420488350;4;1,231009591914139;28,71744332572961;FALSE;FALSE;FALSE
10420485486;3;0,986836437230686;19,24125176799781;FALSE;FALSE;FALSE
10420472068;11;1,294366491912015;10,21399965763458;FALSE;FALSE;FALSE
10420469728;4;1,026570092027892;34,31315726555629;FALSE;FALSE;FALSE
10420468029;5;0,897860705317838;30,12030270502264;FALSE;FALSE;FALSE
10420463039;4;0,720042733774558;30,93480856614483;FALSE;FALSE;FALSE
10420460467;4;0,797110165149470;17,85222804264709;FALSE;FALSE;FALSE
10420457209;8;0,967152839723182;14,18595824779988;FALSE;FALSE;FALSE
10420439191;7;1,231009591914139;28,27347286785270;FALSE;FALSE;FALSE
10420435510;6;1,020557916797700;12,37407111403977;FALSE;FALSE;FALSE
10420430554;7;0,863801971607987;12,28583053613884;FALSE;FALSE;FALSE
10420420103;2;1,210848399327449;24,12978457397749;FALSE;FALSE;FALSE
10420416996;5;0,827414880586145;25,29134856090118;FALSE;FALSE;FALSE
10420408807;4;1,038490028099230;47,86465753711765;FALSE;FALSE;FALSE
10420408070;3;1,067707825203131;36,32433353927070;FALSE;FALSE;FALSE
10420406686;5;1,414757386104933;89,97377394897286;FALSE;FALSE;TRUE
10420395353;6;0,748331477354788;21,82404864937232;FALSE;FALSE;FALSE
10420390276;4;1,238485427385463;34,85151366644379;FALSE;FALSE;FALSE
10420388101;12;0,724303378851283;13,25988293602942;FALSE;FALSE;FALSE
10420374547;8;0,760566590418971;13,40193220012140;FALSE;FALSE;FALSE
10420361867;5;1,176696810829104;55,20181542009558;FALSE;FALSE;FALSE
10420353466;3;1,093336460283208;14,01394708698212;FALSE;FALSE;FALSE
10420344979;3;0,951112708681460;33,22555190168056;FALSE;FALSE;FALSE
10420343577;6;1,366072416145589;17,13546299204645;FALSE;FALSE;FALSE
10420341497;6;1,444352396804134;74,45095296663280;FALSE;FALSE;FALSE
10420340685;9;0,724303378851283;25,75927554774903;FALSE;FALSE;FALSE
10420334107;11;1,395046180652757;17,96790933791717;FALSE;FALSE;FALSE
10420326299;3;1,061203960675725;47,15987768510507;FALSE;FALSE;FALSE
10420324375;3;0,905538513813742;28,34608169377035;FALSE;FALSE;FALSE
10420321925;7;0,737111479583199;5,82404846803180;FALSE;FALSE;FALSE
10420318200;5;0,874422886603150;19,22600400415601;FALSE;FALSE;FALSE
10420317136;4;1,215920037856741;19,92925656498571;FALSE;FALSE;FALSE
10420313048;10;0,431455497304005;10,39972725447077;FALSE;TRUE;FALSE
10420311869;6;0,977437780825263;23,55297862029903;FALSE;FALSE;FALSE
10420304841;3;0,765606848293461;20,09678842025960;FALSE;FALSE;FALSE
10420304296;9;1,326649916142160;46,46170591519309;FALSE;FALSE;FALSE
10420292249;7;1,469693845669907;33,85669450932727;FALSE;FALSE;FALSE
10420289331;3;1,189699380257305;54,48459864620615;FALSE;FALSE;FALSE
10420288878;4;0,737209780774486;16,36675219996575;FALSE;FALSE;FALSE
10420287792;5;1,335894975144148;21,11807778582698;FALSE;FALSE;FALSE
10420284773;5;1,394494669984573;48,93166072674266;FALSE;FALSE;FALSE
10420280094;4;1,139500565362536;17,53256955387117;FALSE;FALSE;FALSE
10420278495;13;0,827414880586145;13,11598163712055;FALSE;FALSE;FALSE
10420273959;5;0,902134221635647;11,64693719413070;FALSE;FALSE;FALSE
10420273930;5;0,919029588541840;31,71274654901276;FALSE;FALSE;FALSE
10420247352;3;1,150919364949337;46,05110461598100;FALSE;FALSE;FALSE
10420242384;2;1,115623316633076;51,72074724310017;FALSE;FALSE;FALSE
10420234017;3;0,958363990591017;32,97871550621892;FALSE;FALSE;FALSE
10420232674;11;0,603833904824319;6,56037559842667;FALSE;FALSE;FALSE
10420232294;10;0,850490054811538;13,54924944682048;FALSE;FALSE;FALSE
10420232236;8;0,953939201416946;18,87492426510207;FALSE;FALSE;FALSE
10420229154;4;0,845804123532521;25,79662836556812;FALSE;FALSE;FALSE
10420225342;9;0,837578928542535;14,46998007238203;FALSE;FALSE;FALSE
10420224259;5;0,702376916856849;28,42055849251961;FALSE;FALSE;FALSE
10420216758;9;0,822597511950204;5,15481350869923;FALSE;FALSE;FALSE
10420215672;7;0,803836952468500;28,57116670747209;FALSE;FALSE;FALSE
10420213369;3;0,812403840463596;26,23954133574781;FALSE;FALSE;FALSE
10420213131;5;1,189699380257305;15,73021508293756;FALSE;FALSE;FALSE
10420212381;4;1,155588428197780;32,48098377618811;FALSE;FALSE;FALSE
10420208639;3;1,092632671050136;43,92357931711057;FALSE;FALSE;FALSE
10420208058;6;0,992277876713668;10,69958482355171;FALSE;FALSE;FALSE
10420208013;7;1,300000000000000;14,06552326610560;FALSE;FALSE;FALSE
10420207479;11;1,022816623913518;12,38206293898825;FALSE;FALSE;FALSE
10420206323;3;0,859337848847319;22,14267394867596;FALSE;FALSE;FALSE
10420205154;4;1,123182292211937;31,49373069660309;FALSE;FALSE;FALSE
10420203860;5;1,064822123101391;6,24274206952202;FALSE;FALSE;FALSE
10420201051;3;0,844894167245906;18,37600515960180;FALSE;FALSE;FALSE
10420195397;4;0,849434200829271;28,03094195219032;FALSE;FALSE;FALSE
10420192665;5;1,096147098494751;12,08292595727094;FALSE;FALSE;FALSE
10420186342;14;0,827414880586145;4,56262939826993;TRUE;FALSE;FALSE
10420183418;4;1,440085467549115;90,79187062191798;FALSE;FALSE;TRUE
10420181218;5;1,064822123101391;42,59879975019202;FALSE;FALSE;FALSE
10420181095;6;1,222859196876163;18,86788547590240;FALSE;FALSE;FALSE
10420175883;4;1,106623415898735;32,54882751199858;FALSE;FALSE;FALSE
10420175490;3;1,200640854518312;27,46904450769421;FALSE;FALSE;FALSE
10420174580;7;1,046606237027381;13,94185801320677;FALSE;FALSE;FALSE
10420173065;7;1,046606237027381;18,30307281987032;FALSE;FALSE;FALSE
10420170331;3;1,200640854518312;49,28737389832301;FALSE;FALSE;FALSE
10420169538;4;0,915675454766337;25,78241859422930;FALSE;FALSE;FALSE
10420163067;2;1,243444347831396;43,40960416620716;FALSE;FALSE;FALSE
10420162393;10;0,735892968806240;11,64521035135752;FALSE;FALSE;FALSE
10420162146;3;1,020557916797700;52,52734086508899;FALSE;FALSE;FALSE
10420158787;5;0,945434373103789;13,99787946333443;FALSE;FALSE;FALSE
10420151404;7;1,210212950110593;14,00529085479836;FALSE;FALSE;FALSE
10420151270;4;0,976650476806392;35,33395492590166;FALSE;FALSE;FALSE
10420151140;9;1,155588428197780;12,65832740393883;FALSE;FALSE;FALSE
10420147005;10;0,989172148041754;5,46954717695822;FALSE;FALSE;FALSE
10420146451;7;0,833897245099548;6,89813262731916;FALSE;FALSE;FALSE
10420144900;7;0,812403840463596;7,68246213447360;FALSE;FALSE;FALSE
10420141732;3;0,993052791222021;16,32562347861300;FALSE;FALSE;FALSE
10420141154;3;1,176696810829104;26,34990666248960;FALSE;FALSE;FALSE
10420141134;12;1,086985952778812;12,78550916561391;FALSE;FALSE;FALSE
10420139883;7;1,096147098494751;14,48905012525608;FALSE;FALSE;FALSE
10420137066;2;0,992277876713668;26,16234133747966;FALSE;FALSE;FALSE
10420136404;10;0,880559262846411;7,72660207502288;FALSE;FALSE;FALSE
10420130585;5;0,717281502356772;20,61203702719566;FALSE;FALSE;FALSE
10420130298;3;0,859337848847319;30,00171190315475;FALSE;FALSE;FALSE
10420128488;5;0,731699812344253;21,89514659484360;FALSE;FALSE;FALSE
10420128406;3;1,231009591914139;56,38298358978772;FALSE;FALSE;FALSE
10420128317;12;0,811456430414806;28,29742030341077;FALSE;FALSE;FALSE
10420120006;3;0,989172148041754;35,83736373887650;FALSE;FALSE;FALSE
10420117939;5;1,120439474217423;29,01826849781141;FALSE;FALSE;FALSE
10420116506;4;0,928190961784514;15,27082926862751;FALSE;FALSE;FALSE
10420116258;20;0,982931251997741;7,14934473143544;TRUE;FALSE;FALSE
10420115812;10;1,085295173051194;29,28574649599791;FALSE;FALSE;FALSE
10420113694;10;1,093336460283208;8,27362240351844;FALSE;FALSE;FALSE
10420108760;7;1,120439474217423;18,37690942187242;FALSE;FALSE;FALSE
10420108206;11;0,689481410470663;5,69039641238774;FALSE;FALSE;FALSE
10420105068;5;1,115623316633076;29,59059102001409;FALSE;FALSE;FALSE
10420104596;3;1,174079017128548;46,47038841365038;FALSE;FALSE;FALSE
10420104526;3;0,832666399786453;25,32751826371775;FALSE;FALSE;FALSE
10420104313;6;1,064822123101391;12,96952208409142;FALSE;FALSE;FALSE
10420097137;3;1,106623415898735;40,20998831089771;FALSE;FALSE;FALSE
10420095529;3;1,106623415898735;45,51227254680982;FALSE;FALSE;FALSE
10420094665;4;1,123182292211937;32,14379626003773;FALSE;FALSE;FALSE
10420092771;6;1,132050556087696;14,82773044837220;FALSE;FALSE;FALSE
10420092378;3;1,096147098494751;34,19940880654828;FALSE;FALSE;FALSE
10420090485;4;0,761577310586391;26,29683276387181;FALSE;FALSE;FALSE
10420090200;6;0,827414880586145;23,41872832770907;FALSE;FALSE;FALSE
10420089480;4;1,372812945967288;63,42000256777750;FALSE;FALSE;FALSE
10420087054;4;1,064822123101391;20,27605771281663;FALSE;FALSE;FALSE
10420084328;3;1,093336460283208;28,66498841795555;FALSE;FALSE;FALSE
10420082231;6;1,341067313173183;23,16191203218163;FALSE;FALSE;FALSE
10420079026;4;1,240347345892085;20,37465202170341;FALSE;FALSE;FALSE
10420076168;4;0,797110165149470;26,34031348594817;FALSE;FALSE;FALSE
10420076011;4;1,155588428197780;22,13584524398093;FALSE;FALSE;FALSE
10420075707;5;0,884046639911301;22,89859708778491;FALSE;FALSE;FALSE
10420075650;11;0,837578928542535;8,60445670491114;FALSE;FALSE;FALSE
10420073927;20;1,303840481040530;10,01795351705286;TRUE;FALSE;FALSE
10420073810;5;1,286617509357235;13,65625479468417;FALSE;FALSE;FALSE
10420073785;4;0,908083357746074;22,36004111503066;FALSE;FALSE;FALSE
10420072703;3;0,993052791222021;24,31001464934663;FALSE;FALSE;FALSE
10420069934;5;0,969535971483266;15,13507132097907;FALSE;FALSE;FALSE
10420069546;8;0,986836437230686;13,78443395749713;FALSE;FALSE;FALSE
10420069463;6;1,192282878153696;15,94385876206828;FALSE;FALSE;FALSE
10420068757;3;0,992277876713668;39,12875875941596;FALSE;FALSE;FALSE
10420068340;4;0,646886032050112;21,27912426906996;FALSE;FALSE;FALSE
10420068304;9;0,796144555872961;8,75594182706862;FALSE;FALSE;FALSE
10420067866;8;0,464095480892257;9,41197123148875;FALSE;TRUE;FALSE
10420067847;7;0,745241313525099;19,45084507549649;FALSE;FALSE;FALSE
10420065379;4;1,310901040682148;24,75097393289822;FALSE;FALSE;FALSE
10420065302;6;0,948683298050514;32,74072577841974;FALSE;FALSE;FALSE
10420063676;8;1,031802008437367;13,06895338608077;FALSE;FALSE;FALSE
10420063150;4;0,902134221635647;14,04849084350503;FALSE;FALSE;FALSE
10420063123;7;1,224744871391589;55,08829780735904;FALSE;FALSE;FALSE
10420062937;6;1,066987131347674;26,09604203282422;FALSE;FALSE;FALSE
10420062869;3;1,303250374433684;44,49763795430034;FALSE;FALSE;FALSE
10420062587;9;0,666794859469826;8,49630676812009;FALSE;FALSE;FALSE
10420062488;4;0,945163125250522;11,39479554205416;FALSE;FALSE;FALSE
10420062369;3;0,908083357746074;26,92417551334870;FALSE;FALSE;FALSE
10420062302;8;1,155588428197780;10,96850054470764;FALSE;FALSE;FALSE
10420062235;5;0,958363990591017;28,19563976631210;FALSE;FALSE;FALSE
10420062108;3;1,289006773270979;42,64458849681861;FALSE;FALSE;FALSE
10420061594;4;0,958363990591017;36,68575160980086;FALSE;FALSE;FALSE
10420061493;3;1,495120267866306;68,92954698933485;FALSE;TRUE;FALSE
10420061164;5;1,347362095126850;23,24725998133897;FALSE;FALSE;FALSE
10420060808;4;1,092632671050136;17,58935836714848;FALSE;FALSE;FALSE
10420060800;5;0,803836952468500;29,47134030110115;FALSE;FALSE;FALSE
10420060263;11;0,904688641722410;8,17683739611465;FALSE;FALSE;FALSE
10420060189;3;0,938902796640026;33,70985270100902;FALSE;FALSE;FALSE
10420058985;5;0,951921134419152;20,39478506691026;FALSE;FALSE;FALSE
10420058898;4;1,104536101718726;19,60694539814350;FALSE;FALSE;FALSE
10420058838;3;1,262476199318686;17,86378492832496;FALSE;FALSE;FALSE
10420058751;6;1,296741478297992;14,08527630876095;FALSE;FALSE;FALSE
10420058558;3;0,880559262846411;25,44432989176640;FALSE;FALSE;FALSE
10420058554;5;1,070585749089650;68,01220526206826;FALSE;FALSE;FALSE
10420058003;9;0,627571632442189;8,71200406632283;FALSE;FALSE;FALSE
10420057322;3;1,026570092027892;19,39514582410727;FALSE;FALSE;FALSE
10420056948;6;0,549125178386915;14,70228348734063;FALSE;TRUE;FALSE
10420056762;3;0,993052791222021;17,63274828244899;FALSE;FALSE;FALSE
10420055857;3;1,363254025653891;37,62562855922229;FALSE;FALSE;FALSE
10420055789;4;1,296148139681572;14,90847522298912;FALSE;FALSE;FALSE
10420054863;4;0,941357448663283;22,84463447526326;FALSE;FALSE;FALSE
10420053879;21;1,303250374433684;9,02192015418361;TRUE;FALSE;FALSE
10420053271;6;0,967152839723182;17,63945403197761;FALSE;FALSE;FALSE
10420053251;6;0,803836952468500;22,91794233600961;FALSE;FALSE;FALSE
10420052989;5;1,101746864686328;36,20151865202790;FALSE;FALSE;FALSE
10420051352;7;0,752431954500768;26,86471276276441;FALSE;FALSE;FALSE
10420050951;3;0,989949493661167;32,64730877619922;FALSE;FALSE;FALSE
10420049647;4;0,908930055699472;31,56166185217313;FALSE;FALSE;FALSE
10420048588;4;0,862910994608010;13,54614586697186;FALSE;FALSE;FALSE
10419824882;9;1,020557916797700;9,86752670963657;FALSE;FALSE;FALSE
10419197325;4;0,761577310586391;29,90087007530173;FALSE;FALSE;FALSE
10417792690;3;0,969648076007140;35,61721575565624;FALSE;FALSE;FALSE
10416851164;3;1,128647931751152;31,16099088486428;FALSE;FALSE;FALSE
10416741098;3;1,032547260978327;42,08521709312323;FALSE;FALSE;FALSE
10415572227;2;1,233506571339797;45,66823983646899;FALSE;FALSE;FALSE
10415174266;3;0,884046639911301;48,77662920210732;FALSE;FALSE;FALSE
10414344073;3;1,148242804663516;51,40543754730442;FALSE;FALSE;FALSE
10414135174;7;0,617687996919530;20,55088251882923;FALSE;FALSE;FALSE
10413037490;3;0,967152839723182;34,93118202687648;FALSE;FALSE;FALSE
10413034438;3;1,231009591914139;24,54442669914522;FALSE;FALSE;FALSE
10412901278;3;0,827414880586145;18,56729103665805;FALSE;FALSE;FALSE
10412119238;3;0,874422886603150;22,67742954281707;FALSE;FALSE;FALSE
10412064535;21;1,303250374433684;9,02192015418361;TRUE;FALSE;FALSE
10411192567;4;0,816496580927726;21,46254866848516;FALSE;FALSE;FALSE
10411144520;3;1,115623316633076;15,58745634387781;FALSE;FALSE;FALSE
10411055071;3;1,056117709057383;31,76062593357796;FALSE;FALSE;FALSE
10410916444;3;1,061203960675725;26,69899482539514;FALSE;FALSE;FALSE
10410724157;7;1,275207373784298;25,77889506944216;FALSE;FALSE;FALSE
10410156139;3;1,361560191047812;68,67887134044879;FALSE;FALSE;FALSE
10409537475;6;0,967152839723182;10,53989118962066;FALSE;FALSE;FALSE
10409272102;6;0,945434373103789;15,43850206959026;FALSE;FALSE;FALSE
10409269944;10;1,049542024665264;5,97164206700402;FALSE;FALSE;FALSE
10409130599;5;0,571547606649408;17,10126821538822;FALSE;FALSE;FALSE
10409096835;7;0,812403840463596;11,44009144723554;FALSE;FALSE;FALSE
10408851660;4;0,862910994608010;22,46566459252614;FALSE;FALSE;FALSE
10408716960;11;0,816496580927726;22,96492243739625;FALSE;FALSE;FALSE
10408632355;3;1,158248013828844;31,92117291110122;FALSE;FALSE;FALSE
10408158468;4;0,908083357746074;17,58729992008537;FALSE;FALSE;FALSE
10407999421;7;1,020557916797700;10,13159675681759;FALSE;FALSE;FALSE
10407400754;4;1,275207373784298;9,46059418762234;FALSE;FALSE;FALSE
10407216169;2;1,324328567178913;90,46799011331440;FALSE;FALSE;TRUE
10407201435;6;1,205755428702751;24,63395021267308;FALSE;FALSE;FALSE
10407161728;5;0,938902796640026;10,36920454223662;FALSE;FALSE;FALSE
10407102696;3;1,210848399327449;63,93623583510385;FALSE;FALSE;FALSE
10406923930;4;1,265519048271681;22,97549562223778;FALSE;FALSE;FALSE
10406921557;4;0,880559262846411;33,38732626182723;FALSE;FALSE;FALSE
10406829376;6;0,823687767580373;8,82933577058564;FALSE;FALSE;FALSE
10406829327;3;0,806450444131925;36,13142070936751;FALSE;FALSE;FALSE
10406527343;4;0,815239464584109;31,99197827352219;FALSE;FALSE;FALSE
10406498563;5;1,142870879038330;18,98088500503101;FALSE;FALSE;FALSE
10406454481;6;0,692820323027551;14,92110396763285;FALSE;FALSE;FALSE
10406440817;4;1,166849802476078;27,61925642743027;FALSE;FALSE;FALSE
10406368103;3;1,134087230398899;28,45955475038902;FALSE;FALSE;FALSE
10406367455;4;1,046606237027381;22,97119515411398;FALSE;FALSE;FALSE
10406270522;3;0,980580675690920;15,02440381559864;FALSE;FALSE;FALSE
10406217746;6;0,934797386520819;26,47365560322127;FALSE;FALSE;FALSE
10406174126;3;0,999230473144979;26,42841846056869;FALSE;FALSE;FALSE
10406111215;3;1,242825564838198;13,26555693528021;FALSE;FALSE;FALSE
10406100209;10;0,832666399786453;15,14474684920660;FALSE;FALSE;FALSE
10406075533;4;1,324909285719070;35,57120163289836;FALSE;FALSE;FALSE
10406012112;5;0,948683298050514;16,55081745989525;FALSE;FALSE;FALSE
10405923521;3;1,222859196876163;15,28678500978181;FALSE;FALSE;FALSE
10405818742;3;1,142197611893574;29,81549215164390;FALSE;FALSE;FALSE
10404865572;5;1,574801574802362;50,34192762972729;FALSE;TRUE;FALSE
10404832950;11;1,306198241521495;12,69492681852685;FALSE;FALSE;FALSE
10404746509;8;0,862910994608010;19,35494361418487;FALSE;FALSE;FALSE
10404739720;3;1,086985952778812;19,53242814816286;FALSE;FALSE;FALSE
10404725994;2;1,168825840813697;40,76773198933563;FALSE;FALSE;FALSE
10404690547;7;0,633670625434430;18,97431016360389;FALSE;FALSE;FALSE
10404625693;6;0,752431954500768;22,88388657024010;FALSE;FALSE;FALSE
10404623494;4;1,115623316633076;17,29847211340888;FALSE;FALSE;FALSE
10404468243;9;0,674821913829579;14,37750023986126;FALSE;FALSE;FALSE
10404403533;4;1,255143264884378;18,69729646363158;FALSE;FALSE;FALSE
10404141681;4;0,986836437230686;11,25175128887020;FALSE;FALSE;FALSE
10404040789;3;0,788377106173474;20,64968813597022;FALSE;FALSE;FALSE
10404031592;4;1,066987131347674;22,77040641543878;FALSE;FALSE;FALSE
10403900049;4;0,874422886603150;18,05780556810024;FALSE;FALSE;FALSE
10403881584;3;0,890980445265862;23,85890715946014;FALSE;FALSE;FALSE
10403871263;5;1,104536101718726;26,02641431293966;FALSE;FALSE;FALSE
10403681448;4;1,128647931751152;25,44915344433747;FALSE;FALSE;FALSE
10403672741;6;1,192282878153696;14,60772801599878;FALSE;FALSE;FALSE
10403655505;6;1,218447940872069;13,70244522104690;FALSE;FALSE;FALSE
10403042746;2;1,235375993839060;39,31028053250428;FALSE;FALSE;FALSE
10402618162;6;0,891843380524078;21,63734415109219;FALSE;FALSE;FALSE
10402344039;3;0,800960961307392;25,44891690505142;FALSE;FALSE;FALSE
10402252376;5;1,298519867446720;32,38201950856189;FALSE;FALSE;FALSE
10402212218;5;1,049542024665264;11,88063455982444;FALSE;FALSE;FALSE
10402159630;3;0,862910994608010;32,38700602577750;FALSE;FALSE;FALSE
10402084969;4;1,463399624688506;62,86551411041221;FALSE;FALSE;FALSE
10401939368;5;0,895286804068094;20,69499099719326;FALSE;FALSE;FALSE
10401927079;6;1,137473583801467;21,27108464421992;FALSE;FALSE;FALSE
10401866163;9;0,525991127935317;27,05842971703570;FALSE;TRUE;FALSE
10401780360;9;0,967152839723182;19,59268100310485;FALSE;FALSE;FALSE
10401585230;3;1,128647931751152;39,77405743322733;FALSE;FALSE;FALSE
10401489844;3;1,049542024665264;20,45486171951087;FALSE;FALSE;FALSE
10401421565;3;1,067707825203131;15,49382496034110;FALSE;FALSE;FALSE
10401359591;3;1,210848399327449;36,10830138058593;FALSE;FALSE;FALSE
10401355959;7;0,891843380524078;11,16112201366766;FALSE;FALSE;FALSE
10401290632;4;1,112861868545031;18,72948853221894;FALSE;FALSE;FALSE
10401281252;2;0,928190961784514;27,70783592025687;FALSE;FALSE;FALSE
10401250981;3;0,934797386520819;26,93783114231633;FALSE;FALSE;FALSE
10401225650;9;0,961569230276939;9,24155512860025;FALSE;FALSE;FALSE
10401218733;3;1,319673619323529;50,97094236089006;FALSE;FALSE;FALSE
10401214778;17;0,735892968806240;4,65928575772588;TRUE;FALSE;FALSE
10401179863;3;1,086985952778812;48,24107664317212;FALSE;FALSE;FALSE
10401116539;9;0,977437780825263;18,81805327806438;FALSE;FALSE;FALSE
10401110315;3;1,163548947765479;23,03068947486366;FALSE;FALSE;FALSE
10401058463;2;1,098250356773831;25,03953366169828;FALSE;FALSE;FALSE
10401031433;4;1,028815599833876;13,24704067187406;FALSE;FALSE;FALSE
10400900552;7;1,289006773270979;11,21739355657049;FALSE;FALSE;FALSE
10400898421;5;0,764601454756257;14,64824770204532;FALSE;FALSE;FALSE
10400869941;11;0,812403840463596;10,34339978293373;FALSE;FALSE;FALSE
10400868617;9;0,764601454756257;8,37736607722545;FALSE;FALSE;FALSE
10400846263;6;1,079173472902010;41,64371431799985;FALSE;FALSE;FALSE
10400817893;8;1,134087230398899;25,23094555727867;FALSE;FALSE;FALSE
10400773620;5;1,056117709057383;15,97913447179863;FALSE;FALSE;FALSE
10400366777;5;0,643308754678618;23,50473835778564;FALSE;FALSE;FALSE
10400227481;3;1,134087230398899;39,13346100181221;FALSE;FALSE;FALSE
10400092187;4;1,405483765606923;28,97604665084643;FALSE;FALSE;FALSE
10400030027;3;1,174079017128548;38,96534915975395;FALSE;FALSE;FALSE
10400024846;9;0,880559262846411;10,59332129961695;FALSE;FALSE;FALSE
10399979426;3;1,029563014098700;26,38811091937644;FALSE;FALSE;FALSE
10399972259;7;0,808607540062640;6,67604839868649;FALSE;FALSE;FALSE
10399960697;2;1,166849802476078;37,86236857044815;FALSE;FALSE;FALSE
10399902883;10;0,862910994608010;4,25389699885664;FALSE;FALSE;FALSE
10399813026;4;1,293772064100224;47,16033355819334;FALSE;FALSE;FALSE
10399790341;5;1,310901040682148;14,47207380250297;FALSE;FALSE;FALSE
10399625569;3;0,947872110815345;31,25133929344265;FALSE;FALSE;FALSE
10399618832;5;1,290994448735806;34,83480155523443;FALSE;FALSE;FALSE
10399593654;4;0,689481410470663;12,47479067504240;FALSE;FALSE;FALSE
10399576257;4;0,982931251997741;17,72520211913812;FALSE;FALSE;FALSE
10399478917;3;0,744208407535251;22,52339131425977;FALSE;FALSE;FALSE
10399428816;5;1,046606237027381;16,69429892201340;FALSE;FALSE;FALSE
10399345723;4;1,166190378969060;50,92644808002996;FALSE;FALSE;FALSE
10399342257;6;1,066987131347674;10,75803120159023;FALSE;FALSE;FALSE
10399327217;5;0,811456430414806;33,30054229746781;FALSE;FALSE;FALSE
10399280552;4;0,765606848293461;16,45813702577916;FALSE;FALSE;FALSE
10399162281;5;1,280024038235821;11,04117311443777;FALSE;FALSE;FALSE
10399121210;4;1,093336460283208;42,16083708347855;FALSE;FALSE;FALSE
10399108008;9;1,568929081105472;63,02340496437272;FALSE;TRUE;FALSE
10399078364;5;1,177350349791364;14,29361977949457;FALSE;FALSE;FALSE
10399054815;3;0,890980445265862;25,40889449973719;FALSE;FALSE;FALSE
10399048839;6;0,986836437230686;12,80392957437960;FALSE;FALSE;FALSE
10399019116;3;0,908083357746074;15,31754759330592;FALSE;FALSE;FALSE
10398996590;5;0,863801971607987;30,28731757072140;FALSE;FALSE;FALSE
10398985941;4;0,773602959186131;21,64818910418996;FALSE;FALSE;FALSE
10398969333;5;1,163548947765479;16,78629202863240;FALSE;FALSE;FALSE
10398939616;5;1,132050556087696;13,94292270196523;FALSE;FALSE;FALSE
10398907492;5;0,702741882803461;18,41276751989628;FALSE;FALSE;FALSE
10398814455;10;0,961569230276939;6,55904819237648;FALSE;FALSE;FALSE
10398802635;7;0,859337848847319;12,51063175063793;FALSE;FALSE;FALSE
10398751074;6;1,022816623913518;21,36858369341849;FALSE;FALSE;FALSE
10398739736;9;1,385640646055102;30,08702132846103;FALSE;FALSE;FALSE
10398735723;5;0,811456430414806;24,04124088776787;FALSE;FALSE;FALSE
10398728247;5;0,862910994608010;16,30755959477972;FALSE;FALSE;FALSE
10398717840;4;0,992277876713668;38,80110650491167;FALSE;FALSE;FALSE
10398671220;4;0,982931251997741;18,43133607069750;FALSE;FALSE;FALSE
10398654712;10;1,248383570246556;33,43803949660870;FALSE;FALSE;FALSE
10398652859;12;1,937881476093060;90,77127112648938;FALSE;TRUE;TRUE
10398624205;4;0,900000000000000;20,13420025828590;FALSE;FALSE;FALSE
10398615133;4;0,924870053242408;25,78160093800582;FALSE;FALSE;FALSE
10398614720;5;0,803836952468500;16,79745144616777;FALSE;FALSE;FALSE
10398605071;4;0,856648208920181;17,11173147627417;FALSE;FALSE;FALSE
10398585931;7;0,908083357746074;9,14761450697031;FALSE;FALSE;FALSE
10398538108;5;1,046606237027381;9,83901177782612;FALSE;FALSE;FALSE
10398535389;9;1,365509203416581;18,87213173646038;FALSE;FALSE;FALSE
10398531476;7;1,142870879038330;15,14336125885169;FALSE;FALSE;FALSE
10398489395;3;0,967152839723182;37,58526415810245;FALSE;FALSE;FALSE
10398487297;4;0,982931251997741;20,57579702551090;FALSE;FALSE;FALSE
10398484384;5;0,945434373103789;40,13475585468493;FALSE;FALSE;FALSE
10398449441;5;1,197433152140926;15,89070904366922;FALSE;FALSE;FALSE
10398442026;26;0,000000000000000;19,33385113162434;TRUE;TRUE;FALSE
10398424606;6;0,689481410470663;16,23977503094750;FALSE;FALSE;FALSE
10398409633;7;1,098250356773831;18,34778429314000;FALSE;FALSE;FALSE
10398369977;11;1,093336460283208;29,52695249551547;FALSE;FALSE;FALSE
10398332952;7;1,029563014098700;19,81076505635006;FALSE;FALSE;FALSE
10398328999;5;0,958363990591017;34,85633446243494;FALSE;FALSE;FALSE
10398323879;4;1,079173472902010;26,33541423094857;FALSE;FALSE;FALSE
10398279446;5;1,104536101718726;10,45248950442119;FALSE;FALSE;FALSE
10398268518;7;1,046606237027381;35,56885680926516;FALSE;FALSE;FALSE
10398258446;4;0,735892968806240;23,61231936425474;FALSE;FALSE;FALSE
10398231058;6;0,752431954500768;11,26084569859292;FALSE;FALSE;FALSE
10398229669;4;0,895286804068094;19,73169330305209;FALSE;FALSE;FALSE
10398223534;5;1,335894975144148;29,80881687024127;FALSE;FALSE;FALSE
10398223450;9;0,947872110815345;20,31927406655141;FALSE;FALSE;FALSE
10398199584;4;1,011599393699568;19,38113299715726;FALSE;FALSE;FALSE
10398194124;6;1,369914839202301;51,37880985971277;FALSE;FALSE;FALSE
10398185479;4;1,148242804663516;12,08977927579221;FALSE;FALSE;FALSE
10398179203;3;1,392286442676771;101,21784722268418;FALSE;FALSE;TRUE
10398178906;6;1,225372784722454;21,13442158679237;FALSE;FALSE;FALSE
10398158555;3;1,646207763315433;87,96454771735684;FALSE;TRUE;TRUE
10398152430;4;0,773602959186131;18,49151581628830;FALSE;FALSE;FALSE
10398138416;3;1,382027496108525;66,53709334684498;FALSE;FALSE;FALSE
10398138239;6;1,049542024665264;9,38992158418781;FALSE;FALSE;FALSE
10398136592;6;1,327229618995320;22,97552974046050;FALSE;FALSE;FALSE
10398133788;10;1,301478449243841;9,41852663691990;FALSE;FALSE;FALSE
10398129389;5;1,142870879038330;28,18940374999721;FALSE;FALSE;FALSE
10398120948;7;0,986836437230686;33,32491022292687;FALSE;FALSE;FALSE
10398120527;6;1,185164707800306;30,00018659172453;FALSE;FALSE;FALSE
10398120231;3;1,200000000000000;48,41739304791419;FALSE;FALSE;FALSE
10398117563;9;1,061203960675725;7,34439488729249;FALSE;FALSE;FALSE
10398113657;2;1,077032961426901;39,18380156628952;FALSE;FALSE;FALSE
10398112019;4;1,028815599833876;20,97419640014711;FALSE;FALSE;FALSE
10398099013;9;1,155588428197780;12,57646693866249;FALSE;FALSE;FALSE
10398093401;4;1,016782254883588;35,25706316292184;FALSE;FALSE;FALSE
10398073901;3;1,238485427385463;23,78497657963430;FALSE;FALSE;FALSE
10398070551;8;0,832970935693524;6,25004121825096;FALSE;FALSE;FALSE
10398065305;3;1,288409872672513;66,04145120316595;FALSE;FALSE;FALSE
10398052011;4;0,761577310586391;14,45433976985376;FALSE;FALSE;FALSE
10398050634;4;1,041448695143157;41,37743429346425;FALSE;FALSE;FALSE
10398047107;8;1,395046180652757;22,06036800210045;FALSE;FALSE;FALSE
10398042984;5;0,837578928542535;26,68138629743780;FALSE;FALSE;FALSE
10398037929;4;0,971253485622231;31,82237210814716;FALSE;FALSE;FALSE
10398037696;3;1,070585749089650;26,84061179344858;FALSE;FALSE;FALSE
10398036302;2;1,101746864686328;41,24607021249085;FALSE;FALSE;FALSE
10398033481;4;0,710362854191704;26,51432527574775;FALSE;FALSE;FALSE
10398030546;4;0,666794859469826;20,28326560518298;FALSE;FALSE;FALSE
10398025575;10;1,296741478297992;12,21844367648849;FALSE;FALSE;FALSE
10398018740;4;1,301478449243841;39,49455500535361;FALSE;FALSE;FALSE
10398015635;6;0,632455532033676;22,31792442411361;FALSE;FALSE;FALSE
10398012957;4;1,341067313173183;64,93646647520993;FALSE;FALSE;FALSE
10398001477;3;1,132050556087696;18,00601657691638;FALSE;FALSE;FALSE
10397997350;3;1,112861868545031;29,41180229515789;FALSE;FALSE;FALSE
10397984145;5;1,098250356773831;29,27380209872363;FALSE;FALSE;FALSE
10397970042;6;0,908083357746074;17,14360695313732;FALSE;FALSE;FALSE
10397962950;15;0,989949493661167;11,72105758008412;TRUE;FALSE;FALSE
10397956922;3;1,140175425099138;24,81397983474915;FALSE;FALSE;FALSE
10397950942;3;1,189699380257305;44,62415320109898;FALSE;FALSE;FALSE
10397950139;5;0,938902796640026;12,23172575485756;FALSE;FALSE;FALSE
10397945995;7;1,134087230398899;13,80229950539931;FALSE;FALSE;FALSE
10397939560;4;0,884046639911301;13,49724706860084;FALSE;FALSE;FALSE
10397934911;4;0,879393730551528;29,18978600615529;FALSE;FALSE;FALSE
10397900982;3;0,928190961784514;34,31366299538152;FALSE;FALSE;FALSE
10397894163;4;0,863801971607987;25,01154242467029;FALSE;FALSE;FALSE
10397884349;4;1,280024038235821;15,19643936158251;FALSE;FALSE;FALSE
10397868835;4;1,007662947311558;29,77786745751711;FALSE;FALSE;FALSE
10397865409;3;0,977437780825263;11,97292619796217;FALSE;FALSE;FALSE
10397860534;2;1,176696810829104;56,59646784921132;FALSE;FALSE;FALSE
10397858784;5;1,107318312931673;39,29497102230177;FALSE;FALSE;FALSE
10397847689;5;1,294366491912015;20,59699710935654;FALSE;FALSE;FALSE
10397845338;8;0,848528137423857;13,28302311528131;FALSE;FALSE;FALSE
10397843509;5;1,495120267866306;55,26438672538180;FALSE;TRUE;FALSE
10397823070;3;1,294366491912015;27,82930595642572;FALSE;FALSE;FALSE
10397789376;6;0,895286804068094;15,38430162119008;FALSE;FALSE;FALSE
10397763828;3;1,098250356773831;21,01701283489932;FALSE;FALSE;FALSE
10397751573;8;0,989949493661167;9,66685866733058;FALSE;FALSE;FALSE
10397730772;4;1,115623316633076;26,02153433477533;FALSE;FALSE;FALSE
10397527643;8;1,028815599833876;15,27815553351975;FALSE;FALSE;FALSE
10397434971;5;1,296148139681572;12,99210236445624;FALSE;FALSE;FALSE
10397337489;5;1,197433152140926;15,36102755029921;FALSE;FALSE;FALSE
10397314184;3;0,845804123532521;22,65359205189396;FALSE;FALSE;FALSE
10397313294;6;1,164209867414211;19,06007229392065;FALSE;FALSE;FALSE
10397308424;8;1,182565659260211;26,62406108691348;FALSE;FALSE;FALSE
10397297702;7;0,986836437230686;13,86514822267901;FALSE;FALSE;FALSE
10397242357;4;0,788377106173474;12,87084583284702;FALSE;FALSE;FALSE
10397235409;4;1,059027129746194;46,54502295347855;FALSE;FALSE;FALSE
10397212961;4;1,416387604490327;66,51062579179484;FALSE;FALSE;FALSE
10397211405;5;1,150919364949337;61,05646248469129;FALSE;FALSE;FALSE
10397200670;3;0,935619909677330;20,92362357132286;FALSE;FALSE;FALSE
10397186845;5;0,870896973505786;11,36055417698276;FALSE;FALSE;FALSE
10397183089;5;1,056117709057383;15,27867608617780;FALSE;FALSE;FALSE
10397155676;4;1,282425586385185;38,14765166197077;FALSE;FALSE;FALSE
10397115973;5;0,724303378851283;21,21578088713238;FALSE;FALSE;FALSE
10397112337;2;1,200640854518312;58,54112040728244;FALSE;FALSE;FALSE
10397106480;4;0,948683298050514;21,13306180579541;FALSE;FALSE;FALSE
10397094029;4;1,225372784722454;15,55249373701414;FALSE;FALSE;FALSE
10397092386;4;1,240347345892085;28,17462047171160;FALSE;FALSE;FALSE
10397092075;9;0,760566590418971;15,04535316196655;FALSE;FALSE;FALSE
10397091189;6;0,947872110815345;21,62177906499051;FALSE;FALSE;FALSE
10397080308;3;1,026570092027892;45,43630641739868;FALSE;FALSE;FALSE
10397064782;4;1,070585749089650;9,47211844373901;FALSE;FALSE;FALSE
10397061062;4;1,231009591914139;26,76742440739094;FALSE;FALSE;FALSE
10397060308;6;0,863801971607987;39,14522414791443;FALSE;FALSE;FALSE
10397048353;4;0,902134221635647;37,27064697956719;FALSE;FALSE;FALSE
10397044595;5;1,264911064067352;16,49840098993945;FALSE;FALSE;FALSE
10397044251;6;1,272187697810955;25,27317776525378;FALSE;FALSE;FALSE
10397033495;5;1,040832999733066;45,28448810078895;FALSE;FALSE;FALSE
10396998668;4;0,702741882803461;14,19500918269727;FALSE;FALSE;FALSE
10396997477;3;1,064822123101391;18,61191527328768;FALSE;FALSE;FALSE
10396994454;5;1,233506571339797;55,53577334023323;FALSE;FALSE;FALSE
10396984677;5;0,978093383408081;29,48336531868880;FALSE;FALSE;FALSE
10396983382;4;0,895286804068094;30,61687114900264;FALSE;FALSE;FALSE
10396981573;2;1,067707825203131;21,95388794062041;FALSE;FALSE;FALSE
10396981251;4;0,808607540062640;18,69635005029060;FALSE;FALSE;FALSE
10396977895;5;1,335894975144148;14,93432591335840;FALSE;FALSE;FALSE
10396977357;4;0,859337848847319;30,45834936811116;FALSE;FALSE;FALSE
10396972575;8;0,663324958071080;10,49416343652313;FALSE;FALSE;FALSE
10396949352;4;0,765606848293461;16,97353542063437;FALSE;FALSE;FALSE
10396941911;4;1,163548947765479;20,60194208312102;FALSE;FALSE;FALSE
10396939398;4;1,017538508059825;42,59960982966398;FALSE;FALSE;FALSE
10396925117;3;1,177350349791364;37,12510712671977;FALSE;FALSE;FALSE
10396914319;3;0,945434373103789;21,53599942104912;FALSE;FALSE;FALSE
10396911531;3;1,123182292211937;22,98848988100386;FALSE;FALSE;FALSE
10396908816;4;1,086985952778812;32,79879247891435;FALSE;FALSE;FALSE
10396891780;8;1,000000000000000;12,77326065256787;FALSE;FALSE;FALSE
10396884059;4;0,764601454756257;24,26599603934164;FALSE;FALSE;FALSE
10396866903;4;1,272792206135785;41,29538630373987;FALSE;FALSE;FALSE
10396863055;6;1,155588428197780;7,26755034152815;FALSE;FALSE;FALSE
10396862359;4;0,902134221635647;13,00310712888600;FALSE;FALSE;FALSE
10396852230;7;0,905538513813742;5,98275874490594;FALSE;FALSE;FALSE
10396845283;4;1,230384555269674;19,35070940082418;FALSE;FALSE;FALSE
10396843438;8;1,079173472902010;19,03218438344783;FALSE;FALSE;FALSE
10396842952;10;1,313246124919234;17,48887961901981;FALSE;FALSE;FALSE
10396837394;3;0,935619909677330;34,03201649970639;FALSE;FALSE;FALSE
10396823936;7;0,811456430414806;15,76858168422353;FALSE;FALSE;FALSE
10396820703;3;1,007662947311558;10,97254517848416;FALSE;FALSE;FALSE
10396817088;7;1,084151564766023;25,02676883011462;FALSE;FALSE;FALSE
10396816923;7;1,021436896402971;11,66100445725024;FALSE;FALSE;FALSE
10396813816;5;1,272792206135785;49,38404289250410;FALSE;FALSE;FALSE
10396809304;4;0,811456430414806;16,23502373377131;FALSE;FALSE;FALSE
10396808656;10;1,289006773270979;8,95154571208785;FALSE;FALSE;FALSE
10396805368;6;0,986836437230686;21,65449654524422;FALSE;FALSE;FALSE
10396793091;3;1,120439474217423;37,42702318805504;FALSE;FALSE;FALSE
10396792661;3;1,139500565362536;44,01366881346657;FALSE;FALSE;FALSE
10396779406;15;1,207667809648638;16,98789809855037;TRUE;FALSE;FALSE
10396778721;3;1,422889800587307;52,87806256320084;FALSE;FALSE;FALSE
10396771895;5;1,383418285930237;68,68297703510265;FALSE;FALSE;FALSE
10396770442;3;1,225372784722454;28,17162919477709;FALSE;FALSE;FALSE
10396762951;15;1,984555753427335;105,85365719404049;TRUE;TRUE;TRUE
10396762932;3;1,096147098494751;21,48386206261881;FALSE;FALSE;FALSE
10396760542;5;1,031802008437367;12,28439384895072;FALSE;FALSE;FALSE
10396751649;9;1,061203960675725;18,17418083208517;FALSE;FALSE;FALSE
10396750676;2;1,303840481040530;70,00659885121375;FALSE;FALSE;FALSE
10396746798;5;1,112861868545031;67,85470398912463;FALSE;FALSE;FALSE
10396739512;9;1,086985952778812;14,43967008714816;FALSE;FALSE;FALSE
10396738950;2;0,745241313525099;19,07478467061341;FALSE;FALSE;FALSE
10396734909;3;0,958363990591017;34,03031341928945;FALSE;FALSE;FALSE
10396731100;9;1,210212950110593;55,35466775378172;FALSE;FALSE;FALSE
10396728058;5;0,908083357746074;18,64073964453696;FALSE;FALSE;FALSE
10396723111;6;0,897860705317838;32,00905205199822;FALSE;FALSE;FALSE
10396722267;3;0,970329048075168;23,56668169306611;FALSE;FALSE;FALSE
10396713944;9;0,651625187216842;21,43013511790027;FALSE;FALSE;FALSE
10396697110;4;0,796144555872961;19,86880683948423;FALSE;FALSE;FALSE
10396695002;5;1,142197611893574;20,90537110663949;FALSE;FALSE;FALSE
10396686425;4;1,120439474217423;56,92457639754002;FALSE;FALSE;FALSE
10396686266;4;1,280024038235821;37,61388860736102;FALSE;FALSE;FALSE
10396671890;4;1,026570092027892;19,45209970355356;FALSE;FALSE;FALSE
10396670553;6;0,924870053242408;12,10072976231050;FALSE;FALSE;FALSE
10396662102;7;1,092632671050136;12,07891426253538;FALSE;FALSE;FALSE
10396658878;5;0,970329048075168;25,57097550191947;FALSE;FALSE;FALSE
10396644929;2;1,392286442676771;58,26413980112738;FALSE;FALSE;FALSE
10396638055;3;0,928190961784514;19,96927934462141;FALSE;FALSE;FALSE
10396636827;6;0,979795897113271;13,81917365871002;FALSE;FALSE;FALSE
10396633205;4;0,891843380524078;33,15589846573513;FALSE;FALSE;FALSE
10396633032;11;1,026570092027892;18,47810679909678;FALSE;FALSE;FALSE
10396629450;3;0,796144555872961;16,05671744819469;FALSE;FALSE;FALSE
10396615650;2;1,140175425099138;44,38628631271691;FALSE;FALSE;FALSE
10396608206;3;1,335894975144148;37,78592179632250;FALSE;FALSE;FALSE
10396607481;8;1,210848399327449;10,70892620563103;FALSE;FALSE;FALSE
10396604750;4;1,038490028099230;11,94690592880546;FALSE;FALSE;FALSE
10396601681;4;0,967152839723182;20,84594116361962;FALSE;FALSE;FALSE
10396597122;8;0,788377106173474;17,09477068783877;FALSE;FALSE;FALSE
10396594505;5;0,852146610715460;16,37886455212725;FALSE;FALSE;FALSE
10396588271;5;0,852146610715460;26,27960177520158;FALSE;FALSE;FALSE
10396582964;4;1,208304597359457;25,47899877147497;FALSE;FALSE;FALSE
10396578165;3;1,064822123101391;18,87856365885761;FALSE;FALSE;FALSE
10396577498;4;1,150919364949337;21,64874741833270;FALSE;FALSE;FALSE
10396576172;5;1,200640854518312;24,11851255127275;FALSE;FALSE;FALSE
10396571906;8;1,310901040682148;12,87783321724827;FALSE;FALSE;FALSE
10396570592;3;1,026570092027892;25,04807966149857;FALSE;FALSE;FALSE
10396568101;3;1,233506571339797;45,82511846563401;FALSE;FALSE;FALSE
10396566650;5;0,862910994608010;17,04013904425924;FALSE;FALSE;FALSE
10396565186;4;0,849434200829271;16,23909466327090;FALSE;FALSE;FALSE
10396556037;4;1,028815599833876;21,06087164244034;FALSE;FALSE;FALSE
10396550167;4;1,158248013828844;16,71227764708652;FALSE;FALSE;FALSE
10396548060;6;0,908930055699472;17,45641174757408;FALSE;FALSE;FALSE
10396546035;4;0,706018086497463;11,31561283587526;FALSE;FALSE;FALSE
10396542567;7;1,118033988749895;33,06310180576490;FALSE;FALSE;FALSE
10396541892;10;0,844894167245906;13,67597455587734;FALSE;FALSE;FALSE
10396534856;4;0,800000000000000;21,68504112961466;FALSE;FALSE;FALSE
10396533726;3;1,055389100685692;51,83169056242522;FALSE;FALSE;FALSE
10396526737;3;1,294366491912015;44,67760828241202;FALSE;FALSE;FALSE
10396526489;4;0,811456430414806;30,30342332304661;FALSE;FALSE;FALSE
10396524685;4;1,357032962583614;35,17666930789108;FALSE;FALSE;FALSE
10396519878;4;1,032547260978327;27,24910578880702;FALSE;FALSE;FALSE
10396518565;5;1,176696810829104;13,49003091075074;FALSE;FALSE;FALSE
10396515467;4;0,951921134419152;10,60654697221885;FALSE;FALSE;FALSE
10396512870;5;1,004987562112089;15,75528178496737;FALSE;FALSE;FALSE
10396509499;4;1,059027129746194;36,42992964658244;FALSE;FALSE;FALSE
10396508006;11;0,627571632442189;25,00752322921778;FALSE;FALSE;FALSE
10396496352;3;0,908930055699472;42,29010183787418;FALSE;FALSE;FALSE
10396492145;8;0,515901004218684;18,43068946735045;FALSE;TRUE;FALSE
10396489760;14;1,235375993839060;20,08397964630682;TRUE;FALSE;FALSE
10396485531;5;1,433661262427292;52,76550803370787;FALSE;FALSE;FALSE
10396483811;5;0,765606848293461;17,54931641120142;FALSE;FALSE;FALSE
10396479928;3;1,158248013828844;50,47476659054686;FALSE;FALSE;FALSE
10396471128;9;0,862910994608010;19,66288000303728;FALSE;FALSE;FALSE
10396468224;4;1,205755428702751;20,63533520908690;FALSE;FALSE;FALSE
10396459578;7;0,571098805946787;19,09424941306039;FALSE;FALSE;FALSE
10396455683;4;1,333589718939652;45,73197041681846;FALSE;FALSE;FALSE
10396454940;6;1,420725708383409;63,55414639521184;FALSE;FALSE;FALSE
10396452175;4;1,044030650891055;43,81355430872321;FALSE;FALSE;FALSE
10396450546;11;1,218447940872069;20,90900100768747;FALSE;FALSE;FALSE
10396448020;3;0,978093383408081;24,01459367069448;FALSE;FALSE;FALSE
10396447145;2;1,064822123101391;41,01656807866347;FALSE;FALSE;FALSE
10396446991;5;0,845804123532521;15,35872559780008;FALSE;FALSE;FALSE
10396446796;4;1,003327796219494;11,54446300216423;FALSE;FALSE;FALSE
10396440601;5;0,993052791222021;17,64934092742442;FALSE;FALSE;FALSE
10396440531;4;1,128647931751152;23,77277535063181;FALSE;FALSE;FALSE
10396438859;3;1,238485427385463;28,86416094881951;FALSE;FALSE;FALSE
10396431378;3;0,880559262846411;27,53690574725786;FALSE;FALSE;FALSE
10396429422;7;1,010711858809652;18,48417722649019;FALSE;FALSE;FALSE
10396425178;4;0,961569230276939;32,65795221299454;FALSE;FALSE;FALSE
10396422211;6;0,808607540062640;21,10759153457008;FALSE;FALSE;FALSE
10396419167;3;1,059027129746194;30,32545998515203;FALSE;FALSE;FALSE
10396416833;3;0,845804123532521;28,70759577869783;FALSE;FALSE;FALSE
10396416782;5;0,833897245099548;16,08269404128466;FALSE;FALSE;FALSE
10396410344;3;1,134087230398899;47,61246880005866;FALSE;FALSE;FALSE
10396404071;2;1,098250356773831;26,37895473822439;FALSE;FALSE;FALSE
10396403682;4;1,017538508059825;10,47511822784206;FALSE;FALSE;FALSE
10396402212;5;1,189699380257305;12,02821594838388;FALSE;FALSE;FALSE
10396401896;10;0,895286804068094;7,28377903515842;FALSE;FALSE;FALSE
10396399277;7;0,891843380524078;16,76005283782864;FALSE;FALSE;FALSE
10396399086;4;1,327229618995320;30,54440835879080;FALSE;FALSE;FALSE
10396397019;4;1,230384555269674;21,73568222370605;FALSE;FALSE;FALSE
10396390488;6;0,992277876713668;24,43454522512554;FALSE;FALSE;FALSE
10396389335;3;0,890980445265862;36,56259521147447;FALSE;FALSE;FALSE
10396389247;4;0,999230473144979;26,77114265856012;FALSE;FALSE;FALSE
10396387596;4;1,103839453209360;18,05552851291300;FALSE;FALSE;FALSE
10396386652;4;1,061203960675725;30,65347934660993;FALSE;FALSE;FALSE
10396384760;10;0,571098805946787;17,46132449121922;FALSE;FALSE;FALSE
10396379959;4;0,748331477354788;25,75665158395985;FALSE;FALSE;FALSE
10396374260;6;0,971253485622231;34,06880441583564;FALSE;FALSE;FALSE
10396372955;4;0,757526338714473;9,58781072088918;FALSE;FALSE;FALSE
10396369843;5;0,803836952468500;16,92475356342105;FALSE;FALSE;FALSE
10396362628;4;0,720042733774558;20,22293875614934;FALSE;FALSE;FALSE
10396358438;5;1,101746864686328;49,51003918357794;FALSE;FALSE;FALSE
10396356172;4;0,674821913829579;24,71360242755216;FALSE;FALSE;FALSE
10396354655;7;1,243444347831396;33,50543332867335;FALSE;FALSE;FALSE
10396346058;4;1,028815599833876;21,85093844211380;FALSE;FALSE;FALSE
10396343908;3;0,924870053242408;34,39581501581186;FALSE;FALSE;FALSE
10396343890;6;0,999230473144979;14,48752074027043;FALSE;FALSE;FALSE
10396342415;11;0,344182420326109;10,67655031504950;FALSE;TRUE;FALSE
10396341721;5;0,849434200829271;18,08576938696302;FALSE;FALSE;FALSE
10396337790;4;0,967152839723182;13,65572417507221;FALSE;FALSE;FALSE
10396335603;4;1,016782254883588;27,37444638259143;FALSE;FALSE;FALSE
10396334799;3;0,986836437230686;28,56275545096778;FALSE;FALSE;FALSE
10396333873;3;0,852146610715460;25,57461910215179;FALSE;FALSE;FALSE
10396333686;3;1,026570092027892;52,41236904077659;FALSE;FALSE;FALSE
10396333279;7;0,757526338714473;21,07684182421787;FALSE;FALSE;FALSE
10396331272;4;0,891843380524078;14,05221817388403;FALSE;FALSE;FALSE
10396330948;4;1,038490028099230;29,53307926782599;FALSE;FALSE;FALSE
10396326992;4;0,692820323027551;18,60407282152477;FALSE;FALSE;FALSE
10396324384;6;1,096147098494751;38,62831232098157;FALSE;FALSE;FALSE
10396323715;4;0,803836952468500;7,59751777597039;FALSE;FALSE;FALSE
10396323004;5;1,107318312931673;11,91185548354593;FALSE;FALSE;FALSE
10396322005;5;1,084151564766023;16,97575850708242;FALSE;FALSE;FALSE
10396321508;3;0,902134221635647;23,01482316906617;FALSE;FALSE;FALSE
10396321440;5;0,945434373103789;24,76738748511470;FALSE;FALSE;FALSE
10396321149;5;1,017538508059825;47,86837300621059;FALSE;FALSE;FALSE
10396319536;3;0,948683298050514;32,67214109779745;FALSE;FALSE;FALSE
10396312241;7;0,697247334992287;14,82629506311570;FALSE;FALSE;FALSE
10396312212;3;1,163548947765479;52,74167883295978;FALSE;FALSE;FALSE
10396310948;7;1,139500565362536;26,66475406605411;FALSE;FALSE;FALSE
10396308889;9;1,064822123101391;21,39790111201480;FALSE;FALSE;FALSE
10396308864;4;0,884046639911301;10,89969107479362;FALSE;FALSE;FALSE
10396305880;4;0,845804123532521;19,61435378780821;FALSE;FALSE;FALSE
10396305420;6;1,026570092027892;17,03727846156322;FALSE;FALSE;FALSE
10396298525;4;1,098250356773831;61,47274975304931;FALSE;FALSE;FALSE
10396297563;3;1,010711858809652;21,67860383811682;FALSE;FALSE;FALSE
10396295777;3;1,101746864686328;30,30651914787782;FALSE;FALSE;FALSE
10396294757;4;1,115623316633076;9,85593571936384;FALSE;FALSE;FALSE
10396285880;6;1,243444347831396;9,85260728168443;FALSE;FALSE;FALSE
10396281505;5;0,951921134419152;16,97854397302372;FALSE;FALSE;FALSE
10396281128;4;1,046606237027381;27,27999382776907;FALSE;FALSE;FALSE
10396279386;6;1,317339977145086;23,40390498148778;FALSE;FALSE;FALSE
10396279356;2;1,474396877996611;38,91257923984278;FALSE;FALSE;FALSE
10396275951;3;0,895286804068094;22,62865393453397;FALSE;FALSE;FALSE
10396275928;11;1,294366491912015;9,63061846918887;FALSE;FALSE;FALSE
10396274047;4;1,232882800593795;11,84786430924502;FALSE;FALSE;FALSE
10396273840;3;1,192282878153696;43,91409522573367;FALSE;FALSE;FALSE
10396269605;6;0,598716576070463;23,79713711532855;FALSE;FALSE;FALSE
10396261141;6;1,055389100685692;13,18253565545434;FALSE;FALSE;FALSE
10396260399;3;1,028815599833876;21,23852369396303;FALSE;FALSE;FALSE
10396259100;9;1,185164707800306;19,88372156817290;FALSE;FALSE;FALSE
10396255575;5;0,999230473144979;9,26429051036781;FALSE;FALSE;FALSE
10396255273;4;1,182565659260211;11,87415252493607;FALSE;FALSE;FALSE
10396255241;3;0,986836437230686;39,83996656121977;FALSE;FALSE;FALSE
10396254222;7;0,924870053242408;13,44386183903515;FALSE;FALSE;FALSE
10396251646;7;1,022816623913518;35,80296182498589;FALSE;FALSE;FALSE
10396250251;10;0,961569230276939;5,91301944166743;FALSE;FALSE;FALSE
10396248594;4;0,941357448663283;17,54680919087035;FALSE;FALSE;FALSE
10396247490;9;1,274604010905106;20,46957026783201;FALSE;FALSE;FALSE
10396245914;3;0,788377106173474;25,45348689576196;FALSE;FALSE;FALSE
10396240282;3;0,982931251997741;25,00652470736918;FALSE;FALSE;FALSE
10396233929;9;0,666794859469826;22,87562723119750;FALSE;FALSE;FALSE
10396232246;4;1,230384555269674;21,38490494190810;FALSE;FALSE;FALSE
10396230071;6;0,960902353693305;35,32860653453733;FALSE;FALSE;FALSE
10396228659;3;1,086985952778812;17,68291391264545;FALSE;FALSE;FALSE
10396228287;4;0,891843380524078;24,25491666619741;FALSE;FALSE;FALSE
10396227865;4;0,816182483366218;19,26370301169314;FALSE;FALSE;FALSE
10396226910;8;0,862910994608010;29,08775606569901;FALSE;FALSE;FALSE
10396223340;5;1,069866993890074;19,08936659373183;FALSE;FALSE;FALSE
10396219072;6;1,255143264884378;17,78402991237508;FALSE;FALSE;FALSE
10396217073;4;0,702741882803461;24,09696836609879;FALSE;FALSE;FALSE
10396213225;11;1,210848399327449;20,39442062355145;FALSE;FALSE;FALSE
10396209735;6;0,874422886603150;9,68011538198633;FALSE;FALSE;FALSE
10396208176;7;0,689481410470663;9,98820374130348;FALSE;FALSE;FALSE
10396206989;3;1,240967364599086;33,65473939648899;FALSE;FALSE;FALSE
10396201692;6;0,967152839723182;34,96121397896401;FALSE;FALSE;FALSE
10396201632;3;1,029563014098700;34,31521994376577;FALSE;FALSE;FALSE
10396200436;4;1,142197611893574;25,81310921717053;FALSE;FALSE;FALSE
10396196699;10;1,032547260978327;8,02054678230673;FALSE;FALSE;FALSE
10396195996;3;1,120439474217423;44,25116005226725;FALSE;FALSE;FALSE
10396193780;5;0,816182483366218;23,02359596497648;FALSE;FALSE;FALSE
10396192857;2;1,263085355541982;39,87244622676870;FALSE;FALSE;FALSE
10396191333;3;1,274604010905106;24,38354089002295;FALSE;FALSE;FALSE
10396188032;5;0,773602959186131;17,27158952836408;FALSE;FALSE;FALSE
10396187018;9;0,764601454756257;22,10113476690480;FALSE;FALSE;FALSE
10396185096;4;1,365509203416581;79,99474243823430;FALSE;FALSE;FALSE
10396185009;6;0,992277876713668;18,04634356746954;FALSE;FALSE;FALSE
10396184624;4;1,070585749089650;10,70377990387755;FALSE;FALSE;FALSE
10396180170;4;1,248383570246556;15,66052582142086;FALSE;FALSE;FALSE
10396179900;6;0,961569230276939;11,69968446865616;FALSE;FALSE;FALSE
10396179653;5;0,837578928542535;10,84144520633010;FALSE;FALSE;FALSE
10396179021;4;1,387859447550020;39,25845854728499;FALSE;FALSE;FALSE
10396177287;3;1,324909285719070;77,23614483157678;FALSE;FALSE;FALSE
10396176696;4;1,038490028099230;45,33770903011028;FALSE;FALSE;FALSE
10396175214;3;0,888819441731559;27,43068551528189;FALSE;FALSE;FALSE
10396174816;8;0,862910994608010;23,35806394186328;FALSE;FALSE;FALSE
10396174279;5;0,945434373103789;16,40582446789382;FALSE;FALSE;FALSE
10396173169;6;0,977437780825263;24,47712148149347;FALSE;FALSE;FALSE
10396169532;5;0,797110165149470;12,46253333090471;FALSE;FALSE;FALSE
10396167851;8;0,752431954500768;38,14175117394225;FALSE;FALSE;FALSE
10396167315;5;1,084151564766023;13,59593151879196;FALSE;FALSE;FALSE
10396164000;4;1,061203960675725;14,87650268466730;FALSE;FALSE;FALSE
10396163456;4;0,978093383408081;36,73073749321078;FALSE;FALSE;FALSE
10396162828;6;1,107318312931673;13,06458246979845;FALSE;FALSE;FALSE
10396162455;3;1,064822123101391;34,26708857016040;FALSE;FALSE;FALSE
10396160086;6;1,363818169698586;54,35797300988607;FALSE;FALSE;FALSE
10396156924;6;1,296741478297992;9,49988611198378;FALSE;FALSE;FALSE
10396151819;4;1,115623316633076;19,93848533062256;FALSE;FALSE;FALSE
10396151810;6;1,497176830417323;68,70279278030533;FALSE;TRUE;FALSE
10396148676;6;1,294366491912015;23,60925256496693;FALSE;FALSE;FALSE
10396148026;3;1,205755428702751;50,81925649642324;FALSE;FALSE;FALSE
10396147226;4;0,737111479583199;14,27367695398489;FALSE;FALSE;FALSE
10396145298;2;1,334465099374755;54,83137496419796;FALSE;FALSE;FALSE
10396145206;3;1,132050556087696;26,05272429729336;FALSE;FALSE;FALSE
10396142358;4;1,115623316633076;28,12680876913254;FALSE;FALSE;FALSE
10396141486;5;0,797110165149470;27,85834877349539;FALSE;FALSE;FALSE
10396139162;3;1,076318511622623;24,11417779688739;FALSE;FALSE;FALSE
10396138313;5;1,207667809648638;41,25132032233565;FALSE;FALSE;FALSE
10396138178;5;1,067707825203131;36,04245296321964;FALSE;FALSE;FALSE
10396136050;7;0,731699812344253;22,33662024744698;FALSE;FALSE;FALSE
10396135539;5;1,056117709057383;24,83796194611786;FALSE;FALSE;FALSE
10396134464;3;1,098250356773831;35,48962739079219;FALSE;FALSE;FALSE
10396133782;3;1,296741478297992;83,12211476013134;FALSE;FALSE;TRUE
10396133427;4;0,986836437230686;34,45559737536952;FALSE;FALSE;FALSE
10396132902;4;1,115623316633076;33,40150866082320;FALSE;FALSE;FALSE
10396132263;3;0,961569230276939;21,85294986613450;FALSE;FALSE;FALSE
10396132022;7;0,745241313525099;18,32957290083257;FALSE;FALSE;FALSE
10396131623;2;0,870896973505786;27,23128618719029;FALSE;FALSE;FALSE
10396131404;3;1,222859196876163;56,35055712098546;FALSE;FALSE;FALSE
10396130890;7;0,812403840463596;11,03163101996409;FALSE;FALSE;FALSE
10396128641;6;1,347362095126850;43,93158884665300;FALSE;FALSE;FALSE
10396128375;4;0,815239464584109;23,55230639118570;FALSE;FALSE;FALSE
10396127252;3;1,448606757702565;63,00747897723404;FALSE;FALSE;FALSE
10396126641;5;0,912870929175277;37,12529675801387;FALSE;FALSE;FALSE
10396126461;6;1,038490028099230;15,72640428683056;FALSE;FALSE;FALSE
10396126289;3;1,007662947311558;21,55589985215627;FALSE;FALSE;FALSE
10396125407;7;0,800000000000000;17,58552081008773;FALSE;FALSE;FALSE
10396124889;3;1,106623415898735;43,66333902769939;FALSE;FALSE;FALSE
10396124724;5;0,859337848847319;14,93332073194732;FALSE;FALSE;FALSE
10396121532;5;1,222859196876163;8,10538575391019;FALSE;FALSE;FALSE
10396121299;8;1,305609200570900;10,78167238197004;FALSE;FALSE;FALSE
10396119851;3;0,897860705317838;15,64326319888189;FALSE;FALSE;FALSE
10396117514;7;1,129329276776537;15,14740398338542;FALSE;FALSE;FALSE
10396116188;10;1,255143264884378;69,35124260226900;FALSE;FALSE;FALSE
10396113028;5;0,967152839723182;34,09013107257108;FALSE;FALSE;FALSE
10396107639;8;0,724303378851283;5,75843242496566;FALSE;FALSE;FALSE
10396106048;4;0,800960961307392;20,60214490217129;FALSE;FALSE;FALSE
10396105951;6;1,106623415898735;8,36419308611382;FALSE;FALSE;FALSE
10396105108;6;1,020557916797700;5,71285943493433;FALSE;FALSE;FALSE
10396104876;5;0,761577310586391;20,71810879694164;FALSE;FALSE;FALSE
10396104322;8;1,031802008437367;11,89980078998756;FALSE;FALSE;FALSE
10396102475;6;1,275207373784298;32,00832168252469;FALSE;FALSE;FALSE
10396102187;4;1,038490028099230;37,36423807141726;FALSE;FALSE;FALSE
10396100669;3;0,951921134419152;33,14521526242802;FALSE;FALSE;FALSE
10396099265;5;0,902134221635647;27,89102973737453;FALSE;FALSE;FALSE
10396098794;15;0,951112708681460;10,07301267046478;TRUE;FALSE;FALSE
10396098280;3;0,808607540062640;18,00938688588492;FALSE;FALSE;FALSE
10396097700;8;1,020557916797700;20,83170234996137;FALSE;FALSE;FALSE
10396097364;3;1,208304597359457;35,94704626465182;FALSE;FALSE;FALSE
10396096495;11;0,891843380524078;5,21112744208660;FALSE;FALSE;FALSE
10396096186;4;1,070585749089650;17,59220835335569;FALSE;FALSE;FALSE
10396096010;3;0,808607540062640;13,70835680727453;FALSE;FALSE;FALSE
10396094436;2;1,038490028099230;19,63008686671065;FALSE;FALSE;FALSE
10396093765;10;1,010711858809652;6,44219878898048;FALSE;FALSE;FALSE
10396093501;3;1,131370849898476;58,73858560711180;FALSE;FALSE;FALSE
10396091570;5;1,164209867414211;21,06856410334580;FALSE;FALSE;FALSE
10396090284;3;0,982931251997741;44,88389453220701;FALSE;FALSE;FALSE
10396087437;4;1,120439474217423;34,95696467980494;FALSE;FALSE;FALSE
10396086300;6;1,580652250958932;52,12264468105205;FALSE;TRUE;FALSE
10396085987;4;0,902134221635647;11,53904327447237;FALSE;FALSE;FALSE
10396085971;4;1,061203960675725;43,80423960860072;FALSE;FALSE;FALSE
10396084844;3;1,101746864686328;14,94359304620403;FALSE;FALSE;FALSE
10396084760;5;0,947872110815345;17,34015097224469;FALSE;FALSE;FALSE
10396084178;9;0,945434373103789;11,80644606213823;FALSE;FALSE;FALSE
10396083984;3;1,115623316633076;45,72666637309511;FALSE;FALSE;FALSE
10396082969;5;1,038490028099230;26,55516875177771;FALSE;FALSE;FALSE
10396082437;10;0,945434373103789;6,73848829747188;FALSE;FALSE;FALSE
10396082223;5;1,022816623913518;21,14273142941363;FALSE;FALSE;FALSE
10396081437;7;1,248383570246556;44,74010178974662;FALSE;FALSE;FALSE
10396081392;4;0,627571632442189;20,65849882169783;FALSE;FALSE;FALSE
10396081135;3;1,069267662156363;41,66878344426875;FALSE;FALSE;FALSE
10396080885;4;1,104536101718726;20,66900315742722;FALSE;FALSE;FALSE
10396080213;7;0,560219737108712;12,16314157606194;FALSE;FALSE;FALSE
10396079530;6;0,561591146105969;5,97377830150585;FALSE;FALSE;FALSE
10396079372;6;1,326649916142160;54,65775570648251;FALSE;FALSE;FALSE
10396079190;10;0,951112708681460;11,66540142368485;FALSE;FALSE;FALSE
10396078054;6;0,938902796640026;9,07040756209488;FALSE;FALSE;FALSE
10396078033;4;0,812403840463596;11,41790777139711;FALSE;FALSE;FALSE
10396078021;4;1,096147098494751;18,40126654849830;FALSE;FALSE;FALSE
10396077748;3;1,324909285719070;23,64844602159959;FALSE;FALSE;FALSE
10396077737;6;0,720042733774558;12,38634749050381;FALSE;FALSE;FALSE
10396077492;4;0,986836437230686;45,00903775835325;FALSE;FALSE;FALSE
10396074714;5;1,086985952778812;10,17470210220960;FALSE;FALSE;FALSE
10396074503;3;1,200640854518312;15,91827242512941;FALSE;FALSE;FALSE
10396074107;4;0,996661092515070;24,93130280236693;FALSE;FALSE;FALSE
10396073909;3;1,177350349791364;41,41235608151727;FALSE;FALSE;FALSE
10396073090;5;0,815239464584109;21,39865558528843;FALSE;FALSE;FALSE
10396072260;10;1,096147098494751;7,10957324712231;FALSE;FALSE;FALSE
10396072161;4;0,924870053242408;15,12352895994345;FALSE;FALSE;FALSE
10396070825;5;1,357032962583614;77,86357536715055;FALSE;FALSE;FALSE
10396069123;6;1,433661262427292;48,38143965525127;FALSE;FALSE;FALSE
10396067386;7;0,707106781186548;15,48259597302366;FALSE;FALSE;FALSE
10396067219;11;0,706018086497463;26,74122850327928;FALSE;FALSE;FALSE
10396067112;3;0,915675454766337;35,09061610414446;FALSE;FALSE;FALSE
10396066935;2;1,250845867649322;40,05415026424713;FALSE;FALSE;FALSE
10396066563;11;0,679366220486757;4,25642262332468;FALSE;FALSE;FALSE
10396066139;4;0,617687996919530;23,32880549244729;FALSE;FALSE;FALSE
10396065762;3;0,912870929175277;26,17168102803418;FALSE;FALSE;FALSE
10396065695;4;0,581774473882740;12,82044451322673;FALSE;FALSE;FALSE
10396065492;4;0,957427107756338;23,01187416634978;FALSE;FALSE;FALSE
10396065075;2;1,106623415898735;38,53889051069677;FALSE;FALSE;FALSE
10396063740;4;1,220655561573370;52,81742031405013;FALSE;FALSE;FALSE
10396063392;4;0,773602959186131;24,20826924507359;FALSE;FALSE;FALSE
10396062464;5;0,967152839723182;13,20455977617004;FALSE;FALSE;FALSE
10396062448;10;1,106623415898735;12,46676997943757;FALSE;FALSE;FALSE
10396059816;9;1,079173472902010;13,18232818604148;FALSE;FALSE;FALSE
10396059310;3;1,468122820265599;26,32749008377039;FALSE;FALSE;FALSE
10396059245;8;0,947872110815345;7,39228142798172;FALSE;FALSE;FALSE
10396058490;6;1,107318312931673;31,06604780646130;FALSE;FALSE;FALSE
10396057429;13;1,198075379675509;11,03719064727888;FALSE;FALSE;FALSE
10396057297;5;1,301478449243841;16,81211147756939;FALSE;FALSE;FALSE
10396057051;9;1,286617509357235;12,92098904844988;FALSE;FALSE;FALSE
10396056966;2;1,298519867446720;37,47439932686416;FALSE;FALSE;FALSE
10396056948;4;0,976650476806392;15,72700277224972;FALSE;FALSE;FALSE
10396056865;3;1,107318312931673;45,94476701609753;FALSE;FALSE;FALSE
10396056582;5;1,026570092027892;39,30425862923054;FALSE;FALSE;FALSE
10396056433;4;1,079173472902010;20,43452031636503;FALSE;FALSE;FALSE
10396055782;4;1,010711858809652;19,26172728056454;FALSE;FALSE;FALSE
10396055726;3;0,845804123532521;51,70262190653231;FALSE;FALSE;FALSE
10396054205;4;0,856648208920181;18,22008905982376;FALSE;FALSE;FALSE
10396053102;6;0,934797386520819;14,35713843943454;FALSE;FALSE;FALSE
10396051923;4;1,069866993890074;39,97930847655079;FALSE;FALSE;FALSE
10396051681;5;1,262476199318686;31,93334155815825;FALSE;FALSE;FALSE
10396050434;4;1,166849802476078;45,20536643635172;FALSE;FALSE;FALSE
10396050227;7;1,029563014098700;14,28722498176081;FALSE;FALSE;FALSE
10396049349;7;0,720042733774558;12,79573364564977;FALSE;FALSE;FALSE
10396049225;4;1,028815599833876;27,32474774273839;FALSE;FALSE;FALSE
10396048593;4;1,069866993890074;32,21819148415970;FALSE;FALSE;FALSE
10396047202;4;0,945163125250522;8,68272589141112;FALSE;FALSE;FALSE
10396044196;2;1,166849802476078;73,18451428900084;FALSE;FALSE;FALSE
10396043853;3;1,002305035712874;19,90423748109463;FALSE;FALSE;FALSE
10396043212;3;1,123182292211937;19,88855498400822;FALSE;FALSE;FALSE
10396042979;9;1,222859196876163;15,26059503066308;FALSE;FALSE;FALSE
10396042789;6;0,977437780825263;21,24354817170297;FALSE;FALSE;FALSE
10396042429;4;1,274604010905106;28,60346022639082;FALSE;FALSE;FALSE
10396041756;3;0,951921134419152;37,07042036086283;FALSE;FALSE;FALSE
10396039559;6;0,862910994608010;7,54460912647140;FALSE;FALSE;FALSE
10396038919;2;1,242825564838198;81,12256902176456;FALSE;FALSE;TRUE
10396038764;5;0,970329048075168;12,57244890935591;FALSE;FALSE;FALSE
10396037862;4;1,208304597359457;27,95348988583158;FALSE;FALSE;FALSE
10396037731;8;1,120439474217423;10,99154771362738;FALSE;FALSE;FALSE
10396035583;4;1,306198241521495;12,56920645155488;FALSE;FALSE;FALSE
10396035551;3;1,129329276776537;36,38962118428714;FALSE;FALSE;FALSE
10396035514;3;1,363254025653891;80,56658247166553;FALSE;FALSE;FALSE
10396035303;3;0,999093792292346;20,47045881232376;FALSE;FALSE;FALSE
10396035228;3;0,897860705317838;22,11399196571585;FALSE;FALSE;FALSE
10396034890;4;0,928190961784514;24,45747496180175;FALSE;FALSE;FALSE
10396033703;5;1,129329276776537;50,92968717377322;FALSE;FALSE;FALSE
10396031418;4;0,808607540062640;9,97060823209377;FALSE;FALSE;FALSE
10396031254;3;0,958363990591017;40,94429887733182;FALSE;FALSE;FALSE
10396030818;3;1,011599393699568;45,56564236709576;FALSE;FALSE;FALSE
10396029493;6;1,056117709057383;31,45264524017156;FALSE;FALSE;FALSE
10396028846;3;1,098250356773831;53,59898555403483;FALSE;FALSE;FALSE
10396028762;11;0,688364840652218;19,39951040610448;FALSE;FALSE;FALSE
10396025445;4;1,190238071423808;26,27203472971946;FALSE;FALSE;FALSE
10396019740;4;1,218447940872069;29,99265051243332;FALSE;FALSE;FALSE
10390531999;5;0,749358700182003;13,99614286364307;FALSE;FALSE;FALSE
10390124497;4;1,101746864686328;10,18725266920733;FALSE;FALSE;FALSE
10389989096;3;0,908930055699472;18,25995694694113;FALSE;FALSE;FALSE
10389557801;5;0,689481410470663;13,20691394402052;FALSE;FALSE;FALSE
10388538781;5;1,225372784722454;39,29896759534441;FALSE;FALSE;FALSE
10388424028;9;1,061203960675725;16,32171010705973;FALSE;FALSE;FALSE
10388405500;6;1,313246124919234;13,07364221592877;FALSE;FALSE;FALSE
10388363907;12;1,101746864686328;10,41963261996595;FALSE;FALSE;FALSE
10388360876;3;0,948683298050514;17,32600281022057;FALSE;FALSE;FALSE
10384259442;6;0,970329048075168;35,87848968970569;FALSE;FALSE;FALSE
10376702812;6;1,319673619323529;9,93537432503395;FALSE;FALSE;FALSE
10375742807;8;0,452344320861205;11,51122620797321;FALSE;TRUE;FALSE
10375739729;4;1,131370849898476;10,12811741805353;FALSE;FALSE;FALSE
10375628791;4;1,243444347831396;62,90889663177744;FALSE;FALSE;FALSE
10375578789;8;1,255143264884378;10,86793208015266;FALSE;FALSE;FALSE
10373863411;4;0,948683298050514;35,57497921864459;FALSE;FALSE;FALSE
10373810642;7;1,331858158305964;58,06186682384901;FALSE;FALSE;FALSE
10373708588;5;1,347362095126850;32,42209057043122;FALSE;FALSE;FALSE
10373365203;2;0,849434200829271;33,09100726282991;FALSE;FALSE;FALSE
10373104816;3;0,852447456836295;20,39460448599789;FALSE;FALSE;FALSE
10372770150;4;1,086985952778812;45,25551003938138;FALSE;FALSE;FALSE
10372659706;3;0,924870053242408;44,06041595936239;FALSE;FALSE;FALSE
10372617149;4;1,275207373784298;56,87625080605669;FALSE;FALSE;FALSE
10372612929;5;0,837578928542535;26,43636165352821;FALSE;FALSE;FALSE
10372568914;6;1,131370849898476;13,47517129861559;FALSE;FALSE;FALSE
10372559741;8;1,588903831141264;49,22120104792501;FALSE;TRUE;FALSE
