ID;CQ1;CQ2;CQ3;TIME;Q1;Q2;Q3;Q4;Q5;Q6;Q7;Q8;Q9;Q10;Q11;Q12;Q13;Q14;Q15;Q16;Q17;Q18;Q19;Q20;Q21;Q22;Q23;Q24;Q25;Q26;qc_failures;fail_attention;fail_time;longstring;irv;mahalanobis;fail_longstring;fail_irv;fail_mahalanobis;hurdles_failed;exclude;evidence
10435527041;1;1;1;660;5;2;4;5;3;5;1;3;1;3;5;5;5;3;5;3;5;3;3;3;5;5;5;5;5;4;0;FALSE;FALSE;5;1,306198241521495;95,08147713186369;FALSE;FALSE;TRUE;1;TRUE;Mahalanobis
10433720363;1;0;0;960;3;3;2;2;2;3;2;2;1;3;4;3;4;3;5;5;3;3;2;2;2;2;4;4;4;2;2;TRUE;FALSE;4;1,032547260978327;28,05768286408249;FALSE;FALSE;FALSE;1;TRUE;atenção
10432776660;1;1;1;660;4;4;1;1;4;4;4;4;4;4;4;4;4;4;4;4;4;4;4;4;4;4;4;4;4;1;0;FALSE;FALSE;21;0,977437780825263;5,36597600184640;TRUE;FALSE;FALSE;1;TRUE;longstring
10432626890;1;0;1;660;4;4;2;2;4;5;4;4;4;4;4;4;4;4;4;4;4;4;4;4;3;4;4;4;3;2;1;FALSE;FALSE;14;0,724303378851283;6,28989478991048;TRUE;FALSE;FALSE;1;TRUE;longstring
10431765247;1;1;0;480;2;1;3;3;2;2;2;2;2;2;2;2;2;2;3;2;2;2;2;2;2;2;2;2;2;2;1;FALSE;FALSE;11;0,392232270276368;17,42165660368998;FALSE;TRUE;FALSE;1;TRUE;IRV
10431711908;1;1;1;420;4;4;4;4;4;4;4;4;4;4;3;3;4;4;4;4;4;4;4;4;3;3;4;4;3;2;0;FALSE;FALSE;10;0,533493565673837;16,48344333959511;FALSE;TRUE;FALSE;1;TRUE;IRV
10431697839;0;0;1;1080;4;NA;4;4;4;4;4;4;4;4;4;4;4;4;4;4;4;4;4;4;4;4;4;4;4;2;2;TRUE;FALSE;23;0,400000000000000;12,41842984157653;TRUE;TRUE;FALSE;3;TRUE;atenção + longstring + IRV
10431620977;1;0;0;2160;3;2;4;4;3;4;3;2;2;3;2;2;3;2;2;2;3;3;3;2;2;2;2;5;2;3;2;TRUE;FALSE;4;0,837578928542535;29,16774616434364;FALSE;FALSE;FALSE;1;TRUE;atenção
10431585916;1;0;0;1080;4;4;1;2;3;4;5;4;5;4;4;5;5;4;4;4;4;4;4;4;5;4;4;4;5;1;2;TRUE;FALSE;7;1,070585749089650;17,19384184251354;FALSE;FALSE;FALSE;1;TRUE;atenção
10430908587;1;1;1;720;1;3;1;1;3;1;2;3;2;2;5;5;5;5;4;5;2;2;2;3;2;5;2;2;2;5;0;FALSE;FALSE;4;1,478564792680336;83,04854940938732;FALSE;FALSE;TRUE;1;TRUE;Mahalanobis
10430840951;1;1;1;720;4;4;1;2;4;4;4;4;4;4;4;4;4;4;4;4;4;4;4;4;4;4;4;4;4;1;0;FALSE;FALSE;21;0,884046639911301;5,39201784767222;TRUE;FALSE;FALSE;1;TRUE;longstring
10430799975;1;1;1;1200;3;1;1;2;2;2;5;3;1;5;5;2;5;5;5;2;5;5;2;2;3;2;2;3;5;3;0;FALSE;FALSE;3;1,505374985229211;87,64557256627667;FALSE;TRUE;TRUE;2;TRUE;IRV + Mahalanobis
10430778231;1;1;0;1560;1;1;4;5;1;2;2;2;2;1;2;1;1;1;1;2;5;5;5;5;5;5;5;5;5;2;1;FALSE;FALSE;9;1,787133501965131;80,65973416188464;FALSE;TRUE;TRUE;2;TRUE;IRV + Mahalanobis
10430636534;NA;0;0;840;2;2;4;3;2;3;2;1;1;2;2;2;4;1;5;2;2;2;2;2;2;4;2;4;4;5;2;TRUE;FALSE;6;1,172111835042268;40,78016807260087;FALSE;FALSE;FALSE;1;TRUE;atenção
10430569669;1;1;1;900;3;3;3;3;3;3;3;3;3;3;3;3;3;3;4;3;3;3;3;3;3;3;2;2;3;3;0;FALSE;FALSE;14;0,344182420326109;9,33510915130270;TRUE;TRUE;FALSE;2;TRUE;longstring + IRV
10430519788;1;1;1;600;4;4;1;2;4;5;4;1;1;2;4;5;4;2;4;4;2;5;2;5;4;5;2;2;4;3;0;FALSE;FALSE;2;1,372812945967288;83,65664961324622;FALSE;FALSE;TRUE;1;TRUE;Mahalanobis
10430489382;1;1;1;360;5;5;1;1;4;4;3;4;4;4;5;5;5;5;5;4;4;4;4;4;4;4;5;4;3;2;0;FALSE;TRUE;7;1,128647931751152;12,58522992052947;FALSE;FALSE;FALSE;1;TRUE;tempo
10430333119;NA;0;0;300;3;3;3;3;3;3;3;3;3;3;3;3;3;3;3;2;2;2;2;2;3;2;3;3;5;3;2;TRUE;TRUE;15;0,612686392361227;16,82770360928312;TRUE;FALSE;FALSE;3;TRUE;atenção + tempo + longstring
10425137653;1;0;0;420;4;5;2;2;4;5;4;2;3;4;4;3;5;4;5;4;4;4;4;5;5;5;3;5;5;2;2;TRUE;FALSE;4;1,055389100685692;19,97812749889308;FALSE;FALSE;FALSE;1;TRUE;atenção
10422856478;1;1;1;600;4;5;1;1;4;4;4;1;1;5;5;2;5;4;5;5;5;5;5;5;5;5;5;5;5;1;0;FALSE;FALSE;11;1,598075765990510;37,64552210842905;FALSE;TRUE;FALSE;1;TRUE;IRV
10422842906;1;1;1;660;5;5;1;1;5;5;5;1;5;5;5;5;5;5;5;5;5;5;5;5;5;5;5;5;5;1;0;FALSE;FALSE;17;1,471785937612480;20,29951555728842;TRUE;FALSE;FALSE;1;TRUE;longstring
10421648304;0;0;0;960;5;5;1;1;5;5;5;4;4;5;5;5;5;5;5;5;5;5;5;5;5;5;5;5;5;1;3;TRUE;FALSE;16;1,303250374433684;7,72309407394858;TRUE;FALSE;FALSE;2;TRUE;atenção + longstring
10421513588;1;1;0;1200;2;2;3;4;2;2;2;2;2;2;3;2;2;1;2;2;2;2;2;2;2;2;2;2;2;3;1;FALSE;FALSE;11;0,543492976389406;17,69536859192596;FALSE;TRUE;FALSE;1;TRUE;IRV
10420940231;1;0;1;1320;4;3;4;3;4;4;3;3;4;3;3;3;3;3;3;3;3;3;4;4;4;4;4;4;3;3;1;FALSE;FALSE;9;0,503831473655779;13,60389295356088;FALSE;TRUE;FALSE;1;TRUE;IRV
10420602223;1;1;1;1380;4;5;1;1;5;5;4;4;1;5;5;1;5;5;5;5;5;5;5;5;5;5;5;5;5;2;0;FALSE;FALSE;13;1,515052677428945;49,90683238881088;FALSE;TRUE;FALSE;1;TRUE;IRV
10420552200;1;1;1;720;4;4;1;2;5;5;5;1;5;5;5;5;5;5;5;5;5;5;5;5;5;5;4;4;4;2;0;FALSE;FALSE;14;1,282425586385185;25,17439162034347;TRUE;FALSE;FALSE;1;TRUE;longstring
10420406686;1;1;1;960;2;2;3;4;2;1;2;2;2;2;2;5;4;2;5;5;2;2;5;5;5;5;3;4;2;5;0;FALSE;FALSE;5;1,414757386104933;89,97377394897286;FALSE;FALSE;TRUE;1;TRUE;Mahalanobis
10420361867;1;0;0;5700;4;4;2;1;3;2;2;2;1;2;3;3;5;2;5;2;4;4;5;2;2;2;2;2;3;3;2;TRUE;FALSE;5;1,176696810829104;55,20181542009558;FALSE;FALSE;FALSE;1;TRUE;atenção
10420334107;1;0;0;1260;4;5;1;1;4;5;3;2;4;5;5;3;5;4;5;5;5;5;5;5;5;5;5;5;5;1;2;TRUE;FALSE;11;1,395046180652757;17,96790933791717;FALSE;FALSE;FALSE;1;TRUE;atenção
10420313048;1;1;0;420;4;3;3;3;3;3;3;3;4;4;3;3;3;3;4;3;3;3;3;3;3;3;3;3;3;2;1;FALSE;FALSE;10;0,431455497304005;10,39972725447077;FALSE;TRUE;FALSE;1;TRUE;IRV
10420186342;1;1;1;1380;4;4;2;2;4;4;4;3;4;4;4;4;4;4;4;4;4;4;4;4;4;4;5;4;4;1;0;FALSE;FALSE;14;0,827414880586145;4,56262939826993;TRUE;FALSE;FALSE;1;TRUE;longstring
10420183418;1;1;1;660;3;1;2;4;2;1;2;1;2;2;2;3;3;3;2;5;2;2;5;5;2;2;5;5;5;5;0;FALSE;FALSE;4;1,440085467549115;90,79187062191798;FALSE;FALSE;TRUE;1;TRUE;Mahalanobis
10420128317;0;0;0;1200;3;2;4;5;3;3;3;3;3;3;3;1;3;3;2;2;2;2;2;2;2;2;2;2;2;2;3;TRUE;FALSE;12;0,811456430414806;28,29742030341077;FALSE;FALSE;FALSE;1;TRUE;atenção
10420116506;1;0;0;960;3;3;2;1;3;3;4;3;4;4;4;3;4;4;5;4;4;4;4;3;2;2;4;3;4;2;2;TRUE;FALSE;4;0,928190961784514;15,27082926862751;FALSE;FALSE;FALSE;1;TRUE;atenção
10420116258;1;1;1;1080;4;4;1;1;3;4;4;4;4;4;4;4;4;4;4;4;4;4;4;4;4;4;4;4;4;1;0;FALSE;FALSE;20;0,982931251997741;7,14934473143544;TRUE;FALSE;FALSE;1;TRUE;longstring
10420073927;1;0;0;420;5;5;1;1;4;5;5;5;5;5;5;5;5;5;5;5;5;5;5;5;5;5;5;5;5;1;2;TRUE;FALSE;20;1,303840481040530;10,01795351705286;TRUE;FALSE;FALSE;2;TRUE;atenção + longstring
10420067866;1;1;1;1800;3;2;3;3;3;3;3;2;3;3;3;2;3;3;4;3;3;3;3;3;3;3;3;2;3;2;0;FALSE;FALSE;8;0,464095480892257;9,41197123148875;FALSE;TRUE;FALSE;1;TRUE;IRV
10420061493;1;1;1;900;3;4;1;2;4;5;5;1;5;3;4;1;5;1;5;2;4;4;4;5;2;5;2;5;3;2;0;FALSE;FALSE;3;1,495120267866306;68,92954698933485;FALSE;TRUE;FALSE;1;TRUE;IRV
10420056948;1;1;1;540;3;3;3;3;3;3;4;4;4;3;4;3;3;3;4;4;4;3;3;3;3;3;4;3;4;2;0;FALSE;FALSE;6;0,549125178386915;14,70228348734063;FALSE;TRUE;FALSE;1;TRUE;IRV
10420053879;1;1;0;660;5;5;1;1;5;5;5;5;5;5;5;5;5;5;5;5;5;5;5;5;5;5;5;5;5;1;1;FALSE;FALSE;21;1,303250374433684;9,02192015418361;TRUE;FALSE;FALSE;1;TRUE;longstring
10420052989;1;0;0;420;4;4;1;1;3;1;2;2;2;3;3;5;5;3;4;2;2;2;2;2;3;2;2;2;2;3;2;TRUE;FALSE;5;1,101746864686328;36,20151865202790;FALSE;FALSE;FALSE;1;TRUE;atenção
10412064535;1;0;0;480;5;5;1;1;5;5;5;5;5;5;5;5;5;5;5;5;5;5;5;5;5;5;5;5;5;1;2;TRUE;FALSE;21;1,303250374433684;9,02192015418361;TRUE;FALSE;FALSE;2;TRUE;atenção + longstring
10411192567;1;0;0;1680;3;3;3;2;3;4;3;2;4;3;3;2;4;2;4;4;4;4;3;4;3;3;5;NA;2;3;2;TRUE;FALSE;4;0,816496580927726;21,46254866848516;FALSE;FALSE;FALSE;1;TRUE;atenção
10407216169;1;1;1;2100;3;1;2;5;2;2;3;4;1;2;5;3;4;3;3;2;5;5;2;5;5;2;2;4;2;3;0;FALSE;FALSE;2;1,324328567178913;90,46799011331440;FALSE;FALSE;TRUE;1;TRUE;Mahalanobis
10405818742;1;1;1;360;4;2;2;1;3;4;3;2;2;2;3;5;5;3;5;3;3;3;2;4;3;3;4;5;5;3;0;FALSE;TRUE;3;1,142197611893574;29,81549215164390;FALSE;FALSE;FALSE;1;TRUE;tempo
10404865572;1;1;1;1080;5;5;1;1;2;5;3;5;5;5;5;2;5;1;5;5;5;5;5;4;5;5;5;4;5;1;0;FALSE;FALSE;5;1,574801574802362;50,34192762972729;FALSE;TRUE;FALSE;1;TRUE;IRV
10401866163;1;1;1;1740;3;NA;2;2;2;2;2;2;2;2;2;1;2;2;2;3;2;2;2;2;2;2;2;2;4;2;0;FALSE;FALSE;9;0,525991127935317;27,05842971703570;FALSE;TRUE;FALSE;1;TRUE;IRV
10401214778;1;1;1;1020;4;4;2;2;4;4;4;2;4;4;4;4;4;4;4;4;4;4;4;4;4;4;4;4;4;2;0;FALSE;FALSE;17;0,735892968806240;4,65928575772588;TRUE;FALSE;FALSE;1;TRUE;longstring
10399108008;1;1;1;720;4;5;1;1;5;1;2;5;5;5;5;5;5;5;5;5;3;2;2;2;2;3;5;5;5;3;0;FALSE;FALSE;9;1,568929081105472;63,02340496437272;FALSE;TRUE;FALSE;1;TRUE;IRV
10398652859;0;0;0;420;1;4;1;1;1;1;1;1;1;3;5;1;5;1;5;5;5;5;5;5;5;5;5;5;5;5;3;TRUE;FALSE;12;1,937881476093060;90,77127112648938;FALSE;TRUE;TRUE;3;TRUE;atenção + IRV + Mahalanobis
10398442026;1;1;0;480;2;2;2;2;2;2;2;2;2;2;2;2;2;2;2;2;2;2;2;2;2;2;2;2;2;2;1;FALSE;FALSE;26;0,000000000000000;19,33385113162434;TRUE;TRUE;FALSE;2;TRUE;longstring + IRV
10398179203;1;1;0;720;4;2;5;5;3;3;4;1;5;1;4;2;5;4;2;5;2;5;3;3;3;5;5;2;2;5;1;FALSE;FALSE;3;1,392286442676771;101,21784722268418;FALSE;FALSE;TRUE;1;TRUE;Mahalanobis
10398158555;1;1;0;4080;5;5;1;1;5;5;3;1;5;5;5;3;3;1;5;5;2;2;NA;2;5;2;2;5;2;2;1;FALSE;FALSE;3;1,646207763315433;87,96454771735684;FALSE;TRUE;TRUE;2;TRUE;IRV + Mahalanobis
10398018740;1;0;0;1440;4;5;1;4;4;5;5;3;2;5;5;2;3;3;5;5;5;5;4;4;3;3;2;2;2;2;2;TRUE;FALSE;4;1,301478449243841;39,49455500535361;FALSE;FALSE;FALSE;1;TRUE;atenção
10397962950;1;1;1;480;4;4;1;1;4;4;4;3;4;4;4;4;4;4;4;4;4;4;4;4;4;4;4;2;2;2;0;FALSE;FALSE;15;0,989949493661167;11,72105758008412;TRUE;FALSE;FALSE;1;TRUE;longstring
10397847689;1;0;0;840;4;5;1;2;4;4;5;4;4;5;5;3;4;3;5;5;5;5;5;3;3;3;3;2;2;1;2;TRUE;FALSE;5;1,294366491912015;20,59699710935654;FALSE;FALSE;FALSE;1;TRUE;atenção
10397843509;1;1;1;660;2;3;1;1;2;5;3;2;1;5;4;5;5;4;5;3;5;5;5;5;5;4;5;3;5;2;0;FALSE;FALSE;5;1,495120267866306;55,26438672538180;FALSE;TRUE;FALSE;1;TRUE;IRV
10397183089;1;0;0;1740;4;4;1;1;4;4;4;4;3;4;5;3;3;3;4;4;4;4;4;5;5;5;3;4;4;2;2;TRUE;FALSE;5;1,056117709057383;15,27867608617780;FALSE;FALSE;FALSE;1;TRUE;atenção
10396779406;1;1;1;540;4;5;1;2;5;5;5;5;5;5;5;5;5;5;5;5;5;5;5;4;5;5;4;5;5;1;0;FALSE;FALSE;15;1,207667809648638;16,98789809855037;TRUE;FALSE;FALSE;1;TRUE;longstring
10396762951;1;0;0;420;1;1;1;1;1;1;1;1;1;1;1;1;1;1;1;5;5;5;5;5;5;5;5;5;5;1;2;TRUE;FALSE;15;1,984555753427335;105,85365719404049;TRUE;TRUE;TRUE;4;TRUE;atenção + longstring + IRV + Mahalanobis
10396739512;1;1;1;360;4;3;1;1;4;4;4;4;4;5;3;4;4;4;5;5;4;4;4;4;4;4;4;4;4;1;0;FALSE;TRUE;9;1,086985952778812;14,43967008714816;FALSE;FALSE;FALSE;1;TRUE;tempo
10396658878;1;1;1;360;4;3;3;3;2;3;3;2;3;3;3;5;5;3;3;4;3;3;3;3;3;2;5;5;5;2;0;FALSE;TRUE;5;0,970329048075168;25,57097550191947;FALSE;FALSE;FALSE;1;TRUE;tempo
10396633032;1;0;0;480;5;5;1;1;4;4;5;3;3;4;4;4;4;4;5;3;3;3;3;3;3;3;3;3;3;3;2;TRUE;FALSE;11;1,026570092027892;18,47810679909678;FALSE;FALSE;FALSE;1;TRUE;atenção
10396492145;1;1;1;1680;3;4;3;2;3;3;2;3;4;3;3;3;3;2;3;3;3;3;3;3;3;3;2;3;2;3;0;FALSE;FALSE;8;0,515901004218684;18,43068946735045;FALSE;TRUE;FALSE;1;TRUE;IRV
10396489760;1;1;1;660;4;3;1;1;4;5;5;5;5;5;4;5;5;5;5;5;5;5;5;5;5;5;5;5;5;2;0;FALSE;FALSE;14;1,235375993839060;20,08397964630682;TRUE;FALSE;FALSE;1;TRUE;longstring
10396342415;1;0;1;1080;3;3;4;4;3;3;3;3;3;3;3;3;3;3;3;2;3;3;3;3;3;3;3;3;3;3;1;FALSE;FALSE;11;0,344182420326109;10,67655031504950;FALSE;TRUE;FALSE;1;TRUE;IRV
10396163456;1;1;1;360;4;3;1;NA;3;3;2;2;2;2;3;3;4;2;4;4;3;4;3;2;5;2;2;3;4;4;0;FALSE;TRUE;4;0,978093383408081;36,73073749321078;FALSE;FALSE;FALSE;1;TRUE;tempo
10396151810;1;1;0;1440;4;3;3;3;2;2;2;1;1;2;1;2;3;2;2;2;5;5;5;5;5;5;3;5;5;5;1;FALSE;FALSE;6;1,497176830417323;68,70279278030533;FALSE;TRUE;FALSE;1;TRUE;IRV
10396133782;1;1;1;2640;3;2;3;3;4;3;1;1;1;3;4;5;3;4;5;3;2;5;2;2;5;5;3;3;5;3;0;FALSE;FALSE;3;1,296741478297992;83,12211476013134;FALSE;FALSE;TRUE;1;TRUE;Mahalanobis
10396127252;0;0;0;1560;4;4;1;1;5;5;4;1;1;4;5;3;2;4;5;4;4;4;5;2;5;3;2;5;5;4;3;TRUE;FALSE;3;1,448606757702565;63,00747897723404;FALSE;FALSE;FALSE;1;TRUE;atenção
10396116188;0;0;0;300;5;5;5;2;2;5;2;5;2;4;4;4;4;4;4;5;5;5;5;5;5;5;5;5;5;1;3;TRUE;TRUE;10;1,255143264884378;69,35124260226900;FALSE;FALSE;FALSE;2;TRUE;atenção + tempo
10396098794;1;1;1;1020;5;4;2;2;4;4;4;4;4;4;4;4;4;4;4;4;4;4;4;3;3;3;5;5;5;1;0;FALSE;FALSE;15;0,951112708681460;10,07301267046478;TRUE;FALSE;FALSE;1;TRUE;longstring
10396086300;1;1;1;720;5;4;1;2;2;4;4;1;4;5;5;2;1;1;5;5;5;5;5;5;4;4;4;2;4;1;0;FALSE;FALSE;6;1,580652250958932;52,12264468105205;FALSE;TRUE;FALSE;1;TRUE;IRV
10396077748;1;0;0;1440;4;5;1;1;4;4;3;2;4;4;4;2;4;4;5;5;4;4;5;5;4;5;5;2;4;1;2;TRUE;FALSE;3;1,324909285719070;23,64844602159959;FALSE;FALSE;FALSE;1;TRUE;atenção
10396067386;1;0;0;600;4;4;2;3;3;4;5;3;3;3;3;3;3;3;4;4;4;4;3;4;4;4;4;4;4;2;2;TRUE;FALSE;7;0,707106781186548;15,48259597302366;FALSE;FALSE;FALSE;1;TRUE;atenção
10396038919;1;1;1;1260;1;2;3;2;2;5;2;1;2;3;3;1;4;2;3;3;5;2;5;3;2;3;2;5;2;4;0;FALSE;FALSE;2;1,242825564838198;81,12256902176456;FALSE;FALSE;TRUE;1;TRUE;Mahalanobis
10376702812;1;0;0;360;5;4;1;1;5;5;5;3;4;5;5;5;5;5;5;4;5;5;5;5;4;5;5;5;5;1;2;TRUE;TRUE;6;1,319673619323529;9,93537432503395;FALSE;FALSE;FALSE;2;TRUE;atenção + tempo
10375742807;1;1;1;540;4;4;3;3;4;4;4;3;4;3;3;4;4;4;4;4;4;4;4;3;4;4;4;4;4;3;0;FALSE;FALSE;8;0,452344320861205;11,51122620797321;FALSE;TRUE;FALSE;1;TRUE;IRV
10372568914;0;0;0;1740;4;4;1;1;4;4;4;4;4;4;3;4;4;4;4;5;5;5;5;5;4;5;5;5;5;2;3;TRUE;FALSE;6;1,131370849898476;13,47517129861559;FALSE;FALSE;FALSE;1;TRUE;atenção
10372559741;1;1;1;1500;4;5;1;2;4;4;4;4;2;5;5;1;1;1;5;5;5;5;5;5;5;5;4;5;4;1;0;FALSE;FALSE;8;1,588903831141264;49,22120104792501;FALSE;TRUE;FALSE;1;TRUE;IRV
